1,570-53,Chasing sunsets.,1,story,2023-10-23 03:43:33
2,879-48,Sunny days and good vibes.,0,message,2023-03-28 05:38:24
3,515-09,Living my best life!,1,message,2023-08-25 21:59:27
4,553-95,Good times with great friends.,0,message,2023-04-18 19:35:59
5,305-37,Good times with great friends.,0,story,2023-12-22 16:26:01
6,068-73,Good times with great friends.,0,story,2023-11-19 14:09:03
7,396-12,Sunsets and palm trees ðŸŒ…ðŸŒ´,1,message,2023-05-26 07:38:01
8,268-56,Making memories.,1,message,2023-09-10 00:31:41
9,774-56,Sunny days and good vibes.,0,story,2023-11-17 03:19:52
10,315-78,Adventure awaits!,1,message,2023-12-25 08:44:22
11,116-07,Sunsets and palm trees ðŸŒ…ðŸŒ´,0,story,2023-11-05 09:00:08
12,722-03,Just beachy!,0,story,2024-02-20 17:44:07
13,491-27,Sunny days and good vibes.,1,message,2023-05-20 20:23:15
14,592-55,Making memories.,0,story,2023-11-19 15:25:57
15,452-10,Living my best life!,0,story,2023-10-01 12:11:08
16,173-02,Feeling grateful today.,0,message,2024-01-17 22:35:34
17,934-17,Sunny days and good vibes.,0,message,2023-12-08 00:20:38
18,752-18,Feeling grateful today.,1,message,2023-09-16 09:53:25
19,902-96,Feeling grateful today.,1,story,2023-03-18 01:46:09
20,669-29,Just beachy!,0,message,2023-05-31 23:02:42
21,604-01,Sunsets and palm trees ðŸŒ…ðŸŒ´,1,story,2023-11-10 07:35:47
22,476-14,Chasing sunsets.,1,message,2023-04-24 02:48:33
23,957-13,Weekend vibes!,0,message,2023-04-22 06:37:58
24,959-65,Just beachy!,1,story,2023-09-11 22:14:39
25,157-99,Adventure awaits!,0,message,2023-12-10 17:14:06
26,186-20,Adventure awaits!,0,message,2023-06-27 10:51:05
27,502-97,Sunsets and palm trees ðŸŒ…ðŸŒ´,1,message,2023-04-23 11:51:18
28,370-39,Sunsets and palm trees ðŸŒ…ðŸŒ´,0,message,2023-09-17 08:29:51
29,035-95,Feeling grateful today.,0,message,2023-04-20 15:21:22
30,219-73,Sunsets and palm trees ðŸŒ…ðŸŒ´,0,message,2023-09-07 21:25:51
31,269-82,Feeling grateful today.,1,story,2023-03-17 15:05:54
32,179-52,Making memories.,0,story,2023-07-10 08:46:08
33,273-77,Chasing sunsets.,0,message,2024-01-12 13:52:05
34,064-47,Feeling grateful today.,0,message,2023-07-10 21:49:51
35,301-65,Good times with great friends.,1,story,2023-12-21 13:16:10
36,175-25,Sunny days and good vibes.,0,message,2023-06-25 04:43:19
37,450-33,Weekend vibes!,0,story,2024-01-03 16:28:07
38,716-33,Sunny days and good vibes.,0,story,2023-08-02 12:39:43
39,115-29,Sunny days and good vibes.,1,message,2023-06-12 23:46:31
40,081-20,Adventure awaits!,0,story,2023-04-05 09:17:51
41,151-43,Making memories.,1,message,2023-10-07 13:22:16
42,373-81,Chasing sunsets.,0,message,2023-11-01 09:23:10
43,120-68,Making memories.,1,story,2023-10-15 03:05:18
44,391-75,Making memories.,1,story,2023-03-05 20:46:06
45,007-25,Good times with great friends.,0,message,2023-08-05 11:18:02
46,142-80,Chasing sunsets.,0,story,2023-05-09 17:27:04
47,611-56,Making memories.,1,story,2023-04-25 09:28:18
48,431-89,Sunsets and palm trees ðŸŒ…ðŸŒ´,1,message,2024-01-20 06:20:51
49,597-88,Weekend vibes!,0,message,2023-04-04 15:18:10
50,866-73,Sunny days and good vibes.,0,story,2023-03-31 04:14:36
51,369-34,Sunny days and good vibes.,0,message,2023-06-29 18:40:14
52,829-23,Weekend vibes!,1,message,2023-05-21 08:52:07
53,305-31,Feeling grateful today.,0,message,2023-03-09 22:22:59
54,334-17,Weekend vibes!,0,story,2023-09-23 13:31:29
55,913-37,Just beachy!,1,message,2024-01-04 15:55:12
56,929-18,Feeling grateful today.,0,message,2024-02-27 21:59:52
57,273-39,Feeling grateful today.,1,story,2023-07-17 16:06:46
58,792-79,Good times with great friends.,0,story,2024-02-10 04:42:27
59,282-25,Just beachy!,0,message,2023-11-22 00:38:21
60,730-50,Chasing sunsets.,0,message,2023-03-23 07:32:53
61,338-74,Living my best life!,0,message,2024-01-13 11:27:26
62,015-71,Living my best life!,0,story,2024-01-31 23:30:56
63,985-11,Just beachy!,1,message,2023-03-23 01:23:30
64,577-77,Living my best life!,1,story,2023-07-22 12:36:10
65,924-02,Feeling grateful today.,1,message,2023-11-09 20:02:45
66,597-24,Sunsets and palm trees ðŸŒ…ðŸŒ´,0,story,2023-07-14 11:58:49
67,804-92,Making memories.,1,story,2023-12-04 07:19:44
68,656-66,Living my best life!,1,story,2023-11-10 07:28:23
69,501-11,Sunny days and good vibes.,1,story,2023-12-14 06:07:13
70,489-08,Good times with great friends.,0,message,2024-02-01 10:34:07
71,243-81,Just beachy!,1,message,2023-06-27 00:36:20
72,068-72,Making memories.,1,story,2024-02-04 11:12:14
73,276-24,Good times with great friends.,1,story,2023-12-26 03:05:28
74,337-28,Sunny days and good vibes.,0,message,2023-03-31 16:37:09
75,637-60,Chasing sunsets.,1,story,2023-03-30 16:14:51
76,382-17,Sunsets and palm trees ðŸŒ…ðŸŒ´,0,story,2023-03-25 11:20:26
77,906-32,Sunsets and palm trees ðŸŒ…ðŸŒ´,1,message,2023-05-07 11:09:49
78,358-11,Weekend vibes!,0,story,2023-03-26 11:01:32
79,409-12,Making memories.,0,story,2023-12-03 23:33:07
80,449-79,Sunny days and good vibes.,0,message,2023-12-21 11:32:29
81,609-05,Good times with great friends.,1,story,2023-10-27 20:51:48
82,891-17,Adventure awaits!,1,story,2023-04-30 13:16:22
83,450-03,Sunny days and good vibes.,0,story,2023-11-22 15:39:41
84,876-55,Good times with great friends.,0,message,2023-05-19 05:16:15
85,863-64,Good times with great friends.,0,story,2023-05-18 09:38:41
86,135-27,Weekend vibes!,0,message,2023-07-07 16:19:15
87,937-62,Living my best life!,1,message,2023-10-15 20:20:16
88,721-88,Making memories.,0,message,2023-09-09 10:08:59
89,899-62,Adventure awaits!,1,story,2023-03-17 15:37:43
90,105-18,Sunsets and palm trees ðŸŒ…ðŸŒ´,0,message,2023-10-23 20:08:23
91,332-05,Making memories.,0,message,2023-11-29 20:53:42
92,448-57,Just beachy!,0,story,2023-12-17 07:33:29
93,248-54,Sunny days and good vibes.,1,story,2023-12-14 03:16:19
94,870-64,Chasing sunsets.,1,story,2023-10-10 02:43:44
95,395-03,Sunsets and palm trees ðŸŒ…ðŸŒ´,0,story,2024-02-26 01:14:24
96,766-31,Sunny days and good vibes.,0,story,2023-12-01 14:42:37
97,181-58,Sunsets and palm trees ðŸŒ…ðŸŒ´,0,message,2023-09-17 17:46:29
98,983-24,Chasing sunsets.,0,message,2024-02-06 16:53:56
99,883-34,Good times with great friends.,0,story,2023-10-10 11:36:50
100,513-54,Chasing sunsets.,1,message,2023-07-02 20:42:28
101,697-01,Good times with great friends.,1,story,2023-04-01 15:26:37
102,158-42,Weekend vibes!,1,story,2023-12-30 01:24:51
103,253-22,Sunny days and good vibes.,1,message,2023-06-18 02:10:57
104,026-77,Good times with great friends.,1,story,2023-03-22 14:31:56
105,249-18,Good times with great friends.,0,message,2023-03-01 05:26:21
106,823-61,Adventure awaits!,1,story,2023-06-04 00:51:51
107,489-81,Adventure awaits!,1,message,2023-07-08 17:57:28
108,050-74,Feeling grateful today.,1,message,2023-12-01 10:26:10
109,883-82,Sunny days and good vibes.,1,story,2024-01-05 02:35:30
110,163-38,Making memories.,1,message,2023-11-09 11:33:12
111,465-52,Good times with great friends.,0,message,2023-07-23 07:38:43
112,133-21,Chasing sunsets.,1,story,2024-01-19 02:46:50
113,520-48,Just beachy!,1,message,2024-02-12 21:23:51
114,847-29,Living my best life!,0,message,2023-05-31 09:46:41
115,077-21,Chasing sunsets.,1,story,2023-11-17 22:01:46
116,013-48,Chasing sunsets.,0,message,2023-09-01 01:41:57
117,202-74,Weekend vibes!,0,message,2023-04-27 09:12:08
118,795-37,Adventure awaits!,0,message,2023-04-27 18:49:12
119,458-94,Making memories.,0,story,2023-05-29 17:48:10
120,612-69,Adventure awaits!,0,message,2023-08-07 16:51:32
121,652-37,Sunny days and good vibes.,0,story,2023-04-25 12:47:05
122,562-86,Just beachy!,1,message,2023-05-23 06:17:59
123,112-84,Chasing sunsets.,0,message,2023-10-20 07:42:20
124,522-61,Sunsets and palm trees ðŸŒ…ðŸŒ´,1,story,2023-10-06 08:45:24
125,581-60,Weekend vibes!,0,message,2023-04-28 10:52:08
126,778-76,Feeling grateful today.,0,story,2023-08-30 01:19:33
127,501-38,Just beachy!,0,story,2023-09-28 15:12:23
128,044-75,Living my best life!,0,message,2023-04-09 23:08:16
129,690-41,Weekend vibes!,1,story,2023-11-29 17:35:29
130,388-84,Sunny days and good vibes.,1,message,2023-09-06 12:01:36
131,028-46,Feeling grateful today.,0,story,2023-03-04 23:24:30
132,092-29,Sunny days and good vibes.,0,message,2023-04-12 22:02:37
133,852-16,Sunsets and palm trees ðŸŒ…ðŸŒ´,0,message,2023-11-16 12:58:04
134,285-54,Chasing sunsets.,0,story,2024-01-01 00:38:26
135,549-28,Living my best life!,1,story,2023-12-14 10:08:39
136,847-74,Adventure awaits!,0,message,2023-05-08 09:01:27
137,070-68,Sunsets and palm trees ðŸŒ…ðŸŒ´,1,story,2023-05-22 23:12:17
138,083-15,Making memories.,0,story,2023-05-19 03:05:01
139,570-98,Adventure awaits!,0,story,2023-07-25 23:34:16
140,462-51,Chasing sunsets.,0,story,2023-05-15 21:05:58
141,839-50,Just beachy!,0,message,2023-05-10 10:34:06
142,656-91,Making memories.,0,story,2023-11-05 08:13:00
143,213-46,Feeling grateful today.,0,story,2023-03-13 11:46:03
144,221-64,Just beachy!,0,message,2023-07-16 15:56:53
145,987-39,Living my best life!,0,message,2023-04-21 13:46:17
146,786-90,Feeling grateful today.,0,story,2023-03-26 05:34:57
147,581-34,Weekend vibes!,0,message,2023-03-29 03:01:30
148,494-75,Sunny days and good vibes.,1,message,2023-07-09 12:43:53
149,761-36,Sunsets and palm trees ðŸŒ…ðŸŒ´,1,message,2024-01-24 01:24:45
150,881-25,Making memories.,1,message,2023-11-09 07:49:59
151,680-72,Sunsets and palm trees ðŸŒ…ðŸŒ´,0,story,2023-10-06 21:16:47
152,345-80,Sunny days and good vibes.,1,story,2023-10-26 08:09:49
153,846-01,Adventure awaits!,0,story,2023-05-04 05:32:01
154,377-51,Sunsets and palm trees ðŸŒ…ðŸŒ´,1,message,2023-09-05 00:26:36
155,044-65,Living my best life!,1,story,2023-03-16 18:15:40
156,384-08,Just beachy!,0,story,2023-03-24 17:53:16
157,186-45,Chasing sunsets.,1,message,2023-03-25 23:32:35
158,052-73,Chasing sunsets.,0,story,2023-11-08 12:41:25
159,098-85,Living my best life!,1,story,2023-07-07 14:18:34
160,494-38,Good times with great friends.,0,story,2023-11-09 04:12:26
161,435-82,Chasing sunsets.,1,story,2023-04-12 07:27:29
162,684-12,Making memories.,1,story,2023-07-07 12:51:28
163,874-74,Chasing sunsets.,1,story,2023-10-01 16:41:04
164,800-31,Adventure awaits!,0,story,2023-11-24 01:06:14
165,719-60,Living my best life!,0,story,2023-07-07 02:11:18
166,279-37,Good times with great friends.,1,story,2023-04-12 05:41:25
167,488-82,Living my best life!,0,message,2024-01-13 13:28:14
168,134-96,Living my best life!,0,story,2023-12-20 08:38:48
169,074-82,Making memories.,1,story,2023-03-19 21:31:23
170,755-68,Making memories.,0,message,2023-10-16 10:10:55
171,228-01,Sunsets and palm trees ðŸŒ…ðŸŒ´,1,message,2023-08-08 17:35:37
172,134-76,Chasing sunsets.,0,message,2023-08-06 18:39:40
173,265-78,Sunny days and good vibes.,0,message,2023-11-01 21:52:24
174,419-99,Weekend vibes!,1,story,2023-05-31 23:54:35
175,090-36,Chasing sunsets.,0,story,2023-06-21 00:38:48
176,439-72,Chasing sunsets.,1,story,2023-09-10 11:26:29
177,139-71,Living my best life!,1,message,2023-08-22 09:31:56
178,009-98,Sunny days and good vibes.,1,message,2023-07-21 16:40:49
179,908-25,Sunny days and good vibes.,1,story,2023-08-04 12:14:03
180,196-01,Good times with great friends.,0,story,2023-11-28 19:23:59
181,300-08,Sunny days and good vibes.,0,message,2024-01-30 01:35:32
182,718-62,Good times with great friends.,1,message,2023-09-30 05:18:43
183,190-49,Sunny days and good vibes.,1,story,2023-07-02 15:54:25
184,208-07,Weekend vibes!,1,story,2023-08-12 02:50:49
185,272-52,Feeling grateful today.,1,story,2024-02-15 13:13:11
186,597-41,Chasing sunsets.,0,story,2023-04-09 01:19:02
187,133-73,Weekend vibes!,0,message,2023-09-10 17:24:06
188,315-03,Living my best life!,0,message,2023-11-07 17:11:02
189,732-14,Weekend vibes!,0,message,2023-05-19 22:29:07
190,803-72,Adventure awaits!,0,message,2023-12-31 11:07:04
191,006-00,Feeling grateful today.,0,story,2023-03-22 13:58:36
192,377-25,Sunsets and palm trees ðŸŒ…ðŸŒ´,1,message,2023-10-31 09:12:36
193,498-08,Good times with great friends.,0,message,2023-04-21 05:06:37
194,159-58,Feeling grateful today.,0,message,2023-10-16 02:32:37
195,934-88,Weekend vibes!,1,story,2023-03-12 14:45:22
196,511-71,Chasing sunsets.,0,message,2024-01-10 12:37:35
197,915-75,Just beachy!,0,message,2023-09-29 05:58:07
198,787-54,Weekend vibes!,0,story,2023-10-07 23:59:29
199,454-33,Making memories.,1,message,2023-10-24 20:25:56
200,907-47,Sunsets and palm trees ðŸŒ…ðŸŒ´,0,story,2023-06-04 03:10:12
201,414-62,Adventure awaits!,0,story,2023-06-25 21:16:22
202,409-49,Living my best life!,1,message,2023-05-20 10:03:24
203,281-61,Weekend vibes!,0,story,2024-02-19 14:47:34
204,097-22,Making memories.,0,message,2024-01-05 21:23:45
205,231-10,Just beachy!,1,story,2023-09-11 09:25:36
206,213-15,Chasing sunsets.,0,story,2023-05-04 01:29:39
207,537-29,Sunny days and good vibes.,0,message,2023-04-26 02:59:19
208,316-92,Sunsets and palm trees ðŸŒ…ðŸŒ´,0,story,2023-08-04 01:57:01
209,086-20,Adventure awaits!,0,message,2023-08-03 09:40:47
210,867-88,Good times with great friends.,0,story,2023-02-28 22:12:04
211,398-48,Chasing sunsets.,1,message,2023-05-30 14:49:13
212,220-89,Chasing sunsets.,0,message,2023-05-31 17:49:22
213,427-04,Weekend vibes!,0,message,2023-05-06 15:32:47
214,641-81,Good times with great friends.,0,story,2023-04-24 01:46:25
215,011-55,Sunsets and palm trees ðŸŒ…ðŸŒ´,0,message,2023-10-07 09:56:36
216,514-08,Sunny days and good vibes.,0,message,2023-04-13 22:53:12
217,099-07,Good times with great friends.,0,story,2023-08-13 06:11:26
218,820-02,Sunny days and good vibes.,1,message,2024-02-01 11:58:08
219,071-15,Sunsets and palm trees ðŸŒ…ðŸŒ´,1,story,2023-03-31 17:48:10
220,711-73,Good times with great friends.,0,message,2023-06-14 06:55:55
221,851-02,Chasing sunsets.,1,story,2023-04-06 04:43:20
222,588-69,Chasing sunsets.,1,story,2023-09-27 04:40:57
223,707-00,Sunsets and palm trees ðŸŒ…ðŸŒ´,0,story,2023-08-04 07:29:08
224,039-78,Weekend vibes!,1,story,2023-12-23 09:23:16
225,182-31,Chasing sunsets.,0,message,2023-03-18 07:36:24
226,766-68,Sunny days and good vibes.,0,message,2023-05-24 23:43:07
227,002-82,Adventure awaits!,0,message,2024-01-28 23:16:33
228,871-64,Weekend vibes!,1,story,2023-07-06 05:32:33
229,774-44,Sunsets and palm trees ðŸŒ…ðŸŒ´,1,message,2024-02-26 08:45:10
230,341-03,Making memories.,0,story,2023-12-08 01:42:48
231,621-03,Chasing sunsets.,0,story,2024-01-03 03:29:44
232,213-32,Making memories.,1,message,2023-12-08 04:04:15
233,038-31,Making memories.,1,story,2024-01-01 18:58:32
234,340-06,Just beachy!,1,story,2023-04-10 20:39:04
235,194-83,Adventure awaits!,1,story,2023-05-27 15:10:54
236,621-45,Sunsets and palm trees ðŸŒ…ðŸŒ´,0,story,2023-10-31 10:36:32
237,503-86,Living my best life!,0,story,2023-06-25 04:35:17
238,667-84,Just beachy!,0,message,2024-01-16 01:21:13
239,238-40,Good times with great friends.,0,story,2024-02-21 22:15:30
240,027-79,Feeling grateful today.,1,message,2023-10-01 07:44:37
241,494-94,Just beachy!,0,story,2023-11-09 21:15:34
242,171-03,Living my best life!,0,story,2023-11-05 18:35:36
243,832-38,Adventure awaits!,1,message,2024-02-06 23:23:15
244,712-04,Sunny days and good vibes.,0,message,2023-09-13 01:54:57
245,616-32,Sunny days and good vibes.,1,story,2023-12-27 06:29:22
246,928-26,Feeling grateful today.,1,message,2023-12-09 03:11:19
247,684-99,Feeling grateful today.,1,message,2024-01-21 08:42:29
248,892-88,Good times with great friends.,1,message,2023-11-26 19:21:17
249,702-26,Chasing sunsets.,0,story,2023-04-14 07:44:34
250,111-37,Just beachy!,0,message,2023-03-06 19:30:52
251,581-75,Living my best life!,0,story,2023-07-31 06:37:30
252,031-57,Chasing sunsets.,1,message,2023-05-29 06:22:41
253,845-98,Weekend vibes!,0,message,2023-09-24 19:15:08
254,423-24,Adventure awaits!,1,story,2024-02-12 16:21:36
255,615-69,Chasing sunsets.,0,story,2024-01-31 23:26:48
256,860-91,Chasing sunsets.,0,message,2023-04-22 07:37:28
257,382-28,Sunny days and good vibes.,0,story,2023-04-14 13:35:11
258,134-79,Sunny days and good vibes.,0,message,2023-10-08 03:03:21
259,488-85,Adventure awaits!,1,story,2023-05-17 21:24:41
260,587-09,Adventure awaits!,0,story,2023-09-21 18:08:38
261,809-25,Sunsets and palm trees ðŸŒ…ðŸŒ´,1,message,2023-07-19 19:46:16
262,193-32,Chasing sunsets.,0,message,2023-12-13 07:22:36
263,883-03,Sunsets and palm trees ðŸŒ…ðŸŒ´,1,story,2023-05-15 06:16:26
264,986-75,Chasing sunsets.,0,message,2023-12-09 03:59:22
265,661-07,Sunny days and good vibes.,0,story,2023-06-16 20:00:10
266,055-37,Making memories.,1,message,2023-09-18 14:54:11
267,674-00,Just beachy!,1,story,2023-11-18 06:41:52
268,319-18,Chasing sunsets.,0,story,2023-10-12 02:52:12
269,925-93,Feeling grateful today.,1,message,2023-04-14 03:32:09
270,584-65,Living my best life!,1,story,2024-01-18 07:41:43
271,890-43,Just beachy!,1,story,2023-07-23 05:00:57
272,749-96,Making memories.,0,message,2023-03-11 11:19:05
273,338-17,Sunsets and palm trees ðŸŒ…ðŸŒ´,0,story,2023-07-31 11:26:19
274,528-12,Living my best life!,1,story,2023-03-22 22:23:37
275,183-23,Sunsets and palm trees ðŸŒ…ðŸŒ´,0,story,2023-09-02 08:14:23
276,453-82,Adventure awaits!,0,message,2023-07-25 01:33:49
277,863-60,Good times with great friends.,0,story,2023-08-24 21:18:01
278,398-69,Adventure awaits!,1,story,2023-11-28 01:39:42
279,662-99,Living my best life!,0,story,2023-07-14 03:28:16
280,157-09,Good times with great friends.,0,message,2023-08-09 02:24:38
281,161-47,Sunny days and good vibes.,1,story,2023-05-26 02:11:44
282,136-99,Sunsets and palm trees ðŸŒ…ðŸŒ´,0,story,2023-05-15 15:45:09
283,269-88,Weekend vibes!,0,message,2023-04-23 01:40:39
284,349-55,Living my best life!,0,message,2023-11-20 16:49:15
285,671-58,Chasing sunsets.,0,story,2023-03-01 11:28:30
286,777-12,Making memories.,1,message,2023-04-26 12:42:29
287,106-27,Sunsets and palm trees ðŸŒ…ðŸŒ´,0,story,2023-06-22 14:17:11
288,702-41,Weekend vibes!,1,story,2023-08-10 03:09:27
289,545-41,Living my best life!,1,story,2023-06-22 00:18:34
290,028-76,Sunny days and good vibes.,1,story,2024-01-29 08:03:57
291,321-84,Just beachy!,1,story,2024-02-15 12:39:41
292,108-39,Sunny days and good vibes.,0,message,2023-11-26 04:09:32
293,771-91,Weekend vibes!,1,story,2023-12-15 19:23:17
294,670-94,Good times with great friends.,1,story,2023-04-25 21:44:41
295,213-81,Chasing sunsets.,0,message,2023-03-24 16:11:23
296,094-66,Sunny days and good vibes.,0,message,2023-08-31 09:59:15
297,408-92,Weekend vibes!,1,story,2024-01-20 12:08:59
298,340-59,Weekend vibes!,1,message,2023-10-30 05:45:08
299,972-19,Living my best life!,0,story,2023-04-09 19:55:36
300,585-53,Making memories.,1,story,2023-05-16 06:21:39
301,257-66,Sunny days and good vibes.,1,message,2023-05-07 23:07:23
302,336-82,Just beachy!,0,story,2023-11-05 04:40:35
303,846-06,Living my best life!,0,message,2023-08-06 02:18:22
304,701-17,Adventure awaits!,0,story,2024-02-13 19:10:36
305,441-73,Weekend vibes!,0,story,2023-09-22 08:58:57
306,351-33,Good times with great friends.,1,story,2023-06-22 08:55:35
307,744-56,Living my best life!,1,message,2023-12-22 14:21:54
308,622-02,Chasing sunsets.,0,story,2023-06-05 15:52:28
309,714-09,Chasing sunsets.,0,story,2023-10-01 05:37:35
310,592-02,Sunsets and palm trees ðŸŒ…ðŸŒ´,0,message,2023-10-05 05:21:56
311,237-98,Making memories.,1,story,2023-08-25 10:27:31
312,244-32,Just beachy!,0,message,2023-06-09 02:41:26
313,489-71,Sunsets and palm trees ðŸŒ…ðŸŒ´,1,message,2024-02-12 00:43:42
314,048-26,Adventure awaits!,0,story,2024-01-08 18:37:03
315,791-44,Living my best life!,0,story,2023-12-17 17:00:44
316,838-96,Adventure awaits!,1,message,2023-08-30 11:16:59
317,669-14,Sunny days and good vibes.,1,message,2023-09-17 15:45:39
318,179-94,Making memories.,0,message,2024-01-24 15:35:42
319,424-50,Chasing sunsets.,1,message,2023-07-18 02:54:16
320,636-30,Living my best life!,0,story,2023-09-30 02:10:21
321,046-45,Chasing sunsets.,1,story,2023-04-25 21:15:20
322,159-72,Chasing sunsets.,0,story,2023-03-11 20:21:38
323,554-96,Weekend vibes!,1,story,2024-02-16 07:09:32
324,393-20,Chasing sunsets.,0,message,2023-09-16 00:29:23
325,318-63,Weekend vibes!,1,story,2023-08-10 14:44:32
326,906-58,Sunny days and good vibes.,0,message,2023-10-18 22:18:30
327,126-65,Sunny days and good vibes.,0,message,2023-05-13 10:40:15
328,694-87,Chasing sunsets.,1,message,2024-01-14 02:37:51
329,479-63,Just beachy!,0,message,2024-02-27 10:10:19
330,427-33,Chasing sunsets.,1,message,2023-09-20 11:12:10
331,084-52,Sunny days and good vibes.,1,story,2023-03-16 22:05:24
332,908-43,Weekend vibes!,0,story,2023-06-15 20:28:49
333,082-10,Sunny days and good vibes.,1,story,2023-03-30 08:43:27
334,427-36,Sunny days and good vibes.,0,message,2023-12-04 22:33:14
335,741-24,Adventure awaits!,1,message,2023-11-18 02:24:10
336,996-74,Weekend vibes!,0,story,2023-03-25 08:33:43
337,883-28,Adventure awaits!,1,message,2023-10-30 02:11:59
338,887-23,Adventure awaits!,1,story,2024-02-13 13:55:21
339,871-46,Weekend vibes!,1,story,2024-01-01 22:05:01
340,187-96,Good times with great friends.,1,story,2023-04-06 13:07:18
341,002-59,Adventure awaits!,0,story,2023-03-15 22:51:18
342,071-61,Making memories.,1,message,2024-01-10 22:49:46
343,186-09,Weekend vibes!,1,story,2023-12-10 14:08:42
344,016-99,Making memories.,0,message,2023-05-27 15:34:10
345,066-70,Sunsets and palm trees ðŸŒ…ðŸŒ´,1,story,2023-03-17 13:33:06
346,802-37,Just beachy!,1,message,2023-11-01 14:09:40
347,182-53,Good times with great friends.,0,message,2023-07-07 04:21:36
348,401-08,Just beachy!,1,message,2023-12-23 22:36:32
349,918-78,Feeling grateful today.,0,story,2024-02-10 19:51:43
350,933-32,Chasing sunsets.,0,message,2023-12-12 17:35:39
351,132-93,Sunny days and good vibes.,0,story,2023-06-13 17:47:41
352,309-15,Just beachy!,0,story,2023-05-21 09:25:44
353,510-49,Weekend vibes!,0,story,2024-02-02 11:57:08
354,634-74,Just beachy!,0,message,2023-04-19 06:26:31
355,693-58,Just beachy!,0,message,2023-10-12 20:59:25
356,203-63,Good times with great friends.,0,story,2023-09-08 22:08:01
357,349-96,Living my best life!,1,story,2024-02-28 04:32:56
358,648-65,Living my best life!,0,message,2023-04-10 08:27:00
359,979-23,Weekend vibes!,1,story,2023-08-28 07:59:29
360,802-27,Feeling grateful today.,0,message,2023-09-10 06:13:27
361,075-69,Chasing sunsets.,0,story,2023-04-09 12:40:09
362,535-69,Sunsets and palm trees ðŸŒ…ðŸŒ´,0,story,2023-09-13 15:40:28
363,682-77,Chasing sunsets.,1,story,2023-03-08 06:58:59
364,849-30,Adventure awaits!,0,story,2023-08-31 21:36:51
365,434-66,Making memories.,1,message,2023-04-23 17:27:44
366,638-61,Sunsets and palm trees ðŸŒ…ðŸŒ´,0,story,2023-11-12 05:23:24
367,643-53,Chasing sunsets.,0,story,2023-11-14 16:13:45
368,458-36,Sunsets and palm trees ðŸŒ…ðŸŒ´,0,story,2024-02-07 15:26:42
369,328-44,Making memories.,1,story,2024-02-26 22:14:47
370,794-04,Adventure awaits!,0,message,2023-11-30 14:29:56
371,659-65,Making memories.,0,story,2023-09-28 12:29:06
372,729-28,Making memories.,0,message,2024-01-25 12:26:21
373,960-48,Living my best life!,0,story,2023-04-19 16:23:24
374,767-64,Chasing sunsets.,1,message,2024-01-06 21:00:06
375,430-27,Chasing sunsets.,0,story,2023-11-25 01:22:48
376,223-34,Adventure awaits!,1,story,2023-07-27 14:30:29
377,335-54,Weekend vibes!,0,story,2023-11-29 16:15:05
378,088-90,Living my best life!,0,story,2023-04-29 15:45:35
379,521-89,Weekend vibes!,1,message,2023-11-24 22:26:32
380,006-06,Sunsets and palm trees ðŸŒ…ðŸŒ´,0,message,2024-01-08 10:17:45
381,703-98,Sunsets and palm trees ðŸŒ…ðŸŒ´,1,story,2023-05-11 11:55:20
382,033-45,Feeling grateful today.,0,message,2023-04-23 05:29:59
383,789-79,Chasing sunsets.,0,message,2023-04-28 10:49:10
384,520-36,Feeling grateful today.,0,story,2023-03-20 23:22:43
385,144-06,Sunsets and palm trees ðŸŒ…ðŸŒ´,1,story,2023-06-26 10:23:57
386,160-49,Just beachy!,0,story,2023-05-10 03:59:16
387,143-65,Sunny days and good vibes.,0,message,2023-08-12 17:14:40
388,619-47,Feeling grateful today.,1,story,2024-01-04 03:28:10
389,262-65,Sunsets and palm trees ðŸŒ…ðŸŒ´,0,story,2023-09-20 07:17:36
390,199-61,Chasing sunsets.,0,message,2023-12-27 03:23:41
391,280-57,Sunsets and palm trees ðŸŒ…ðŸŒ´,0,story,2023-06-24 01:46:45
392,339-43,Making memories.,1,story,2023-12-25 07:45:03
393,937-01,Just beachy!,0,story,2023-06-04 20:43:49
394,888-85,Adventure awaits!,1,story,2023-07-09 04:36:01
395,644-73,Good times with great friends.,0,message,2024-01-01 09:56:08
396,452-49,Weekend vibes!,0,story,2023-06-24 17:25:17
397,923-19,Adventure awaits!,1,story,2024-02-23 14:36:10
398,970-81,Sunny days and good vibes.,1,story,2023-11-21 01:58:46
399,527-50,Living my best life!,1,story,2023-11-02 14:02:05
400,205-75,Weekend vibes!,0,story,2023-10-18 03:07:52
401,023-04,Adventure awaits!,0,story,2024-02-01 22:08:33
402,899-09,Adventure awaits!,0,story,2024-02-20 04:58:37
403,814-09,Chasing sunsets.,1,story,2024-01-15 10:57:33
404,795-27,Sunny days and good vibes.,0,story,2023-07-22 21:16:39
405,179-58,Adventure awaits!,0,story,2023-05-11 07:36:51
406,236-45,Weekend vibes!,0,message,2024-01-10 20:40:21
407,386-97,Living my best life!,1,message,2023-12-10 18:43:29
408,438-87,Living my best life!,1,message,2023-07-21 21:12:46
409,270-33,Chasing sunsets.,0,story,2023-09-05 18:48:52
410,941-45,Sunsets and palm trees ðŸŒ…ðŸŒ´,1,message,2023-04-17 12:11:33
411,679-57,Just beachy!,0,message,2023-09-03 15:06:25
412,382-91,Good times with great friends.,1,story,2023-03-25 20:39:46
413,770-00,Good times with great friends.,0,message,2023-12-27 21:51:50
414,573-96,Chasing sunsets.,1,message,2023-06-24 05:33:58
415,761-06,Making memories.,1,story,2023-12-12 22:04:24
416,049-05,Feeling grateful today.,1,message,2023-06-09 13:13:12
417,978-09,Feeling grateful today.,0,story,2023-09-17 21:16:56
418,001-32,Good times with great friends.,0,story,2024-02-25 02:43:46
419,554-44,Chasing sunsets.,0,story,2023-11-28 12:16:04
420,309-40,Making memories.,1,story,2023-05-30 08:00:12
421,824-58,Weekend vibes!,0,message,2023-08-27 08:49:35
422,590-06,Weekend vibes!,1,story,2023-08-26 01:07:51
423,675-59,Chasing sunsets.,0,message,2023-12-09 05:36:22
424,459-98,Just beachy!,1,story,2023-11-18 15:20:22
425,509-45,Sunny days and good vibes.,0,message,2023-03-18 15:59:32
426,175-09,Adventure awaits!,0,message,2023-03-20 08:02:30
427,920-67,Sunsets and palm trees ðŸŒ…ðŸŒ´,1,story,2023-08-04 19:35:51
428,148-65,Sunsets and palm trees ðŸŒ…ðŸŒ´,0,story,2023-11-09 18:41:34
429,378-71,Feeling grateful today.,0,message,2023-05-29 08:18:40
430,954-02,Sunny days and good vibes.,1,story,2024-01-21 10:40:40
431,455-95,Sunny days and good vibes.,1,message,2023-12-11 20:22:57
432,349-70,Weekend vibes!,1,story,2024-01-27 20:30:29
433,310-73,Good times with great friends.,0,message,2023-04-09 21:50:59
434,164-98,Sunny days and good vibes.,1,story,2023-07-03 12:15:49
435,836-12,Just beachy!,1,message,2023-03-19 15:07:58
436,425-97,Making memories.,0,message,2023-12-21 10:53:43
437,681-19,Weekend vibes!,0,story,2023-09-16 18:02:29
438,947-13,Sunsets and palm trees ðŸŒ…ðŸŒ´,1,message,2023-10-10 12:12:17
439,732-18,Weekend vibes!,0,message,2024-02-19 07:56:28
440,239-31,Making memories.,1,story,2023-03-17 07:09:42
441,482-53,Making memories.,0,message,2023-09-03 14:06:10
442,009-49,Adventure awaits!,0,message,2023-10-19 07:30:04
443,356-51,Sunsets and palm trees ðŸŒ…ðŸŒ´,0,message,2023-11-29 08:21:20
444,844-53,Sunny days and good vibes.,1,story,2023-05-13 05:31:26
445,625-80,Weekend vibes!,1,story,2023-04-22 09:21:32
446,803-53,Adventure awaits!,1,story,2023-11-08 19:48:13
447,582-75,Adventure awaits!,0,story,2023-09-09 11:58:12
448,433-61,Chasing sunsets.,0,story,2023-07-04 11:42:37
449,423-75,Chasing sunsets.,0,message,2023-07-22 08:47:05
450,264-15,Living my best life!,0,message,2023-11-28 02:35:42
451,184-90,Making memories.,1,story,2023-03-07 02:13:19
452,155-48,Chasing sunsets.,1,message,2023-03-14 17:08:09
453,307-24,Feeling grateful today.,1,message,2023-09-28 00:23:56
454,779-78,Living my best life!,1,message,2023-10-18 18:46:32
455,246-59,Making memories.,1,message,2023-10-31 02:15:19
456,414-77,Making memories.,1,message,2023-09-19 07:09:20
457,522-84,Feeling grateful today.,1,story,2023-12-13 08:34:26
458,521-85,Adventure awaits!,1,message,2024-01-17 18:40:46
459,761-37,Making memories.,0,story,2023-10-05 11:22:24
460,021-01,Making memories.,1,message,2023-06-22 23:52:52
461,803-47,Making memories.,1,message,2024-02-24 04:33:38
462,246-39,Just beachy!,0,message,2023-09-09 23:38:36
463,672-74,Sunsets and palm trees ðŸŒ…ðŸŒ´,1,message,2023-04-11 10:15:26
464,119-49,Just beachy!,1,story,2023-08-08 21:42:27
465,308-82,Good times with great friends.,1,message,2023-10-13 09:10:33
466,862-99,Feeling grateful today.,0,story,2023-03-29 18:54:31
467,569-94,Living my best life!,0,message,2023-08-27 21:18:27
468,772-19,Weekend vibes!,0,story,2023-06-03 05:30:44
469,364-70,Sunsets and palm trees ðŸŒ…ðŸŒ´,0,message,2023-04-23 13:27:07
470,592-75,Living my best life!,1,story,2023-03-30 15:29:36
471,501-13,Sunny days and good vibes.,1,message,2023-12-23 17:42:37
472,347-09,Feeling grateful today.,0,story,2023-08-06 17:22:02
473,985-20,Making memories.,1,story,2023-05-31 00:38:23
474,530-03,Sunny days and good vibes.,1,message,2023-05-29 01:15:01
475,332-00,Sunny days and good vibes.,0,story,2023-09-07 09:37:51
476,665-62,Living my best life!,0,story,2023-09-13 03:43:26
477,986-79,Sunny days and good vibes.,1,story,2023-06-30 21:43:40
478,749-83,Sunsets and palm trees ðŸŒ…ðŸŒ´,0,story,2023-05-10 17:53:43
479,161-58,Just beachy!,1,story,2023-06-21 02:52:41
480,543-75,Chasing sunsets.,0,message,2023-12-15 21:48:34
481,303-01,Feeling grateful today.,1,message,2023-11-26 22:57:04
482,417-44,Living my best life!,1,message,2023-09-16 15:52:17
483,671-08,Living my best life!,1,story,2023-03-07 18:00:06
484,797-51,Sunsets and palm trees ðŸŒ…ðŸŒ´,1,story,2023-08-19 19:59:11
485,025-43,Chasing sunsets.,0,story,2023-07-08 10:58:41
486,532-98,Sunsets and palm trees ðŸŒ…ðŸŒ´,1,message,2023-12-01 19:30:10
487,709-00,Sunny days and good vibes.,1,message,2024-02-26 06:04:52
488,538-01,Living my best life!,1,message,2023-03-19 17:08:24
489,908-87,Weekend vibes!,1,message,2023-10-17 23:49:44
490,582-44,Sunsets and palm trees ðŸŒ…ðŸŒ´,0,story,2024-02-08 18:46:45
491,184-04,Adventure awaits!,1,message,2023-08-13 22:24:40
492,050-25,Chasing sunsets.,1,story,2023-09-23 08:16:42
493,430-60,Just beachy!,1,message,2023-03-21 18:25:49
494,621-43,Feeling grateful today.,1,story,2023-03-15 21:11:24
495,298-06,Sunsets and palm trees ðŸŒ…ðŸŒ´,1,message,2023-06-11 05:33:13
496,373-29,Good times with great friends.,1,message,2023-11-06 23:10:55
497,028-18,Weekend vibes!,0,message,2023-10-30 08:50:10
498,628-46,Good times with great friends.,0,story,2024-02-23 15:16:28
499,300-14,Living my best life!,0,story,2023-07-31 00:52:37
500,522-31,Sunsets and palm trees ðŸŒ…ðŸŒ´,0,story,2024-01-17 22:23:15
501,134-97,Sunsets and palm trees ðŸŒ…ðŸŒ´,1,story,2024-01-06 14:40:52
502,377-75,Chasing sunsets.,0,message,2023-07-24 08:48:34
503,422-91,Good times with great friends.,0,message,2023-09-10 03:19:12
504,062-88,Sunny days and good vibes.,0,story,2023-10-11 23:43:06
505,453-17,Good times with great friends.,1,story,2023-03-31 00:02:56
506,782-75,Adventure awaits!,0,message,2024-01-31 07:03:28
507,893-97,Weekend vibes!,0,story,2023-09-29 17:09:33
508,684-65,Feeling grateful today.,1,message,2023-09-22 08:51:44
509,590-66,Chasing sunsets.,0,message,2023-12-17 22:44:18
510,248-07,Sunny days and good vibes.,1,story,2023-06-13 20:11:12
511,090-18,Chasing sunsets.,1,message,2023-06-05 12:03:45
512,225-53,Just beachy!,1,story,2023-09-02 16:50:33
513,087-23,Adventure awaits!,1,message,2024-02-23 03:43:19
514,978-25,Feeling grateful today.,1,story,2023-06-17 01:53:29
515,231-61,Weekend vibes!,0,message,2023-06-12 13:17:58
516,103-23,Making memories.,1,message,2023-09-03 02:23:12
517,843-63,Adventure awaits!,1,message,2024-01-30 12:44:15
518,382-64,Weekend vibes!,0,message,2024-02-22 11:40:14
519,494-81,Chasing sunsets.,1,story,2023-09-30 14:41:49
520,008-91,Just beachy!,0,message,2023-08-15 18:09:41
521,514-29,Sunny days and good vibes.,0,message,2023-09-15 00:07:45
522,073-56,Living my best life!,0,story,2023-04-13 21:15:22
523,542-18,Just beachy!,0,story,2023-07-07 14:52:13
524,510-98,Making memories.,1,story,2023-06-06 23:23:15
525,999-72,Sunny days and good vibes.,1,message,2023-03-10 19:48:25
526,774-09,Sunsets and palm trees ðŸŒ…ðŸŒ´,1,story,2023-11-10 02:21:50
527,495-40,Sunny days and good vibes.,1,message,2024-01-11 07:03:52
528,641-40,Sunsets and palm trees ðŸŒ…ðŸŒ´,1,story,2023-12-23 08:55:10
529,938-48,Living my best life!,0,story,2024-01-04 03:30:14
530,772-53,Sunsets and palm trees ðŸŒ…ðŸŒ´,0,message,2023-07-14 10:06:00
531,302-69,Chasing sunsets.,0,story,2024-01-28 17:21:52
532,406-96,Just beachy!,0,story,2023-03-11 19:59:32
533,439-61,Just beachy!,0,message,2023-09-15 10:49:25
534,014-57,Making memories.,1,message,2023-04-27 03:46:19
535,299-81,Making memories.,0,story,2023-05-30 03:17:40
536,174-48,Making memories.,1,story,2023-11-22 20:24:47
537,963-05,Sunsets and palm trees ðŸŒ…ðŸŒ´,1,message,2024-01-29 13:21:27
538,363-87,Weekend vibes!,1,story,2023-12-27 22:59:00
539,337-43,Sunny days and good vibes.,0,story,2023-12-16 18:09:08
540,775-81,Making memories.,1,message,2023-11-27 10:03:03
541,751-51,Weekend vibes!,1,message,2023-12-20 05:47:47
542,716-24,Good times with great friends.,1,story,2023-03-01 03:40:04
543,060-55,Chasing sunsets.,1,message,2023-10-16 13:48:56
544,414-84,Sunny days and good vibes.,1,message,2023-11-27 23:44:56
545,680-94,Chasing sunsets.,0,story,2023-07-20 07:42:45
546,668-87,Sunny days and good vibes.,0,message,2023-09-16 21:09:17
547,806-34,Good times with great friends.,0,message,2023-04-14 11:01:36
548,684-65,Adventure awaits!,1,story,2024-02-13 16:09:21
549,761-90,Sunny days and good vibes.,0,story,2023-11-10 16:00:10
550,430-91,Weekend vibes!,0,message,2024-02-06 21:30:31
551,405-80,Feeling grateful today.,1,message,2023-04-07 19:41:22
552,179-75,Sunsets and palm trees ðŸŒ…ðŸŒ´,1,story,2023-09-07 22:10:26
553,511-08,Sunsets and palm trees ðŸŒ…ðŸŒ´,0,story,2023-07-06 01:01:37
554,671-00,Just beachy!,1,message,2023-03-29 20:06:32
555,960-80,Feeling grateful today.,1,story,2023-05-10 03:17:33
556,268-54,Living my best life!,1,message,2023-12-09 14:06:03
557,721-64,Just beachy!,1,message,2023-10-29 11:22:08
558,605-41,Living my best life!,1,story,2024-01-10 11:32:39
559,267-37,Chasing sunsets.,0,message,2023-08-16 15:03:10
560,106-75,Feeling grateful today.,0,story,2023-05-21 01:20:34
561,199-34,Adventure awaits!,1,message,2023-03-21 06:51:29
562,359-91,Making memories.,1,story,2023-10-03 15:09:16
563,388-76,Making memories.,1,story,2023-06-09 12:50:19
564,595-25,Good times with great friends.,1,message,2023-10-01 03:00:50
565,196-14,Good times with great friends.,1,story,2023-08-18 20:10:30
566,703-94,Sunsets and palm trees ðŸŒ…ðŸŒ´,1,story,2023-04-03 06:43:03
567,452-32,Adventure awaits!,1,story,2023-06-01 02:47:03
568,259-30,Good times with great friends.,1,message,2024-01-01 02:51:17
569,893-01,Adventure awaits!,1,message,2023-08-08 02:35:56
570,833-35,Adventure awaits!,1,message,2023-06-23 19:04:18
571,817-60,Good times with great friends.,1,story,2023-11-20 21:44:29
572,254-58,Making memories.,1,message,2023-05-07 03:43:30
573,481-03,Good times with great friends.,1,message,2023-09-29 06:59:23
574,940-95,Just beachy!,0,story,2023-05-06 02:14:46
575,174-70,Chasing sunsets.,1,message,2023-06-16 10:04:02
576,621-05,Living my best life!,0,message,2023-10-08 19:11:43
577,007-89,Living my best life!,0,story,2024-02-27 00:54:01
578,149-88,Making memories.,0,story,2023-07-04 02:06:08
579,794-26,Living my best life!,1,story,2023-08-23 14:34:43
580,855-97,Making memories.,0,story,2023-12-13 17:48:38
581,744-38,Feeling grateful today.,1,story,2023-08-26 22:55:54
582,226-31,Good times with great friends.,1,story,2023-09-20 05:05:04
583,483-02,Just beachy!,0,message,2023-09-07 22:01:31
584,585-37,Good times with great friends.,0,story,2023-10-23 00:33:17
585,946-00,Good times with great friends.,1,story,2023-10-20 00:33:57
586,092-91,Just beachy!,1,story,2024-01-15 23:12:04
587,125-45,Living my best life!,0,message,2023-12-15 00:00:33
588,029-84,Adventure awaits!,0,message,2023-06-05 23:56:00
589,018-64,Just beachy!,1,message,2024-02-18 23:21:59
590,476-01,Adventure awaits!,1,message,2023-06-28 10:41:05
591,308-49,Living my best life!,0,message,2024-01-07 04:58:51
592,089-31,Sunny days and good vibes.,0,message,2023-11-13 01:01:05
593,360-00,Weekend vibes!,0,message,2023-11-29 04:47:14
594,512-54,Living my best life!,1,message,2023-05-10 18:24:05
595,518-17,Sunsets and palm trees ðŸŒ…ðŸŒ´,0,story,2023-05-09 01:53:12
596,281-52,Making memories.,1,message,2024-02-26 02:18:36
597,367-42,Adventure awaits!,1,story,2023-09-11 23:44:03
598,716-08,Living my best life!,1,story,2023-10-04 18:46:52
599,238-24,Good times with great friends.,1,story,2024-01-09 23:25:30
600,393-22,Sunsets and palm trees ðŸŒ…ðŸŒ´,0,story,2023-10-01 10:12:12
601,886-27,Sunsets and palm trees ðŸŒ…ðŸŒ´,0,story,2023-08-24 01:16:26
602,537-80,Making memories.,0,message,2023-05-08 01:12:31
603,698-62,Adventure awaits!,1,message,2023-04-05 19:32:00
604,210-78,Sunsets and palm trees ðŸŒ…ðŸŒ´,0,story,2024-02-24 21:39:22
605,890-57,Making memories.,0,story,2023-12-22 03:48:39
606,601-55,Chasing sunsets.,1,story,2024-02-22 08:26:14
607,786-06,Weekend vibes!,1,message,2024-02-08 11:53:43
608,788-39,Good times with great friends.,1,story,2024-01-18 14:13:22
609,494-87,Making memories.,1,story,2023-06-16 19:25:44
610,051-33,Just beachy!,0,message,2023-06-16 09:12:59
611,332-22,Sunsets and palm trees ðŸŒ…ðŸŒ´,0,message,2023-06-14 20:39:51
612,147-19,Good times with great friends.,1,story,2023-07-22 17:07:54
613,212-97,Chasing sunsets.,0,story,2024-02-11 20:24:18
614,627-79,Living my best life!,0,message,2023-06-10 19:16:06
615,093-44,Making memories.,1,message,2023-10-26 18:32:38
616,418-61,Living my best life!,1,story,2023-12-05 11:03:41
617,769-39,Just beachy!,1,story,2023-11-01 12:32:18
618,336-01,Weekend vibes!,0,message,2023-05-26 22:13:10
619,086-39,Weekend vibes!,1,message,2023-08-06 04:02:03
620,389-31,Sunsets and palm trees ðŸŒ…ðŸŒ´,0,message,2023-12-08 06:57:34
621,011-18,Chasing sunsets.,0,message,2024-01-05 05:16:39
622,861-19,Adventure awaits!,1,story,2023-08-01 14:26:48
623,936-18,Feeling grateful today.,1,story,2023-04-17 21:17:51
624,873-78,Sunny days and good vibes.,1,story,2023-09-12 18:29:13
625,033-12,Feeling grateful today.,1,story,2023-08-03 05:25:28
626,160-88,Living my best life!,1,message,2023-04-26 11:48:36
627,606-50,Sunsets and palm trees ðŸŒ…ðŸŒ´,0,story,2023-09-08 19:53:23
628,642-86,Sunny days and good vibes.,0,story,2023-04-06 00:42:53
629,498-92,Feeling grateful today.,0,story,2023-10-15 09:57:29
630,141-90,Sunsets and palm trees ðŸŒ…ðŸŒ´,1,story,2023-10-23 13:28:36
631,893-00,Sunny days and good vibes.,0,message,2023-10-24 04:10:21
632,362-54,Living my best life!,0,story,2023-12-27 18:13:03
633,340-82,Chasing sunsets.,0,message,2024-02-14 17:01:47
634,456-95,Feeling grateful today.,0,story,2023-11-25 15:52:51
635,495-95,Adventure awaits!,1,message,2023-09-25 19:15:09
636,165-54,Weekend vibes!,0,message,2023-04-11 22:24:36
637,761-11,Weekend vibes!,0,story,2024-01-07 15:38:28
638,418-62,Good times with great friends.,1,story,2023-04-10 18:45:30
639,641-47,Making memories.,1,story,2023-10-23 09:14:37
640,079-78,Just beachy!,0,story,2024-01-23 22:15:03
641,293-90,Adventure awaits!,1,message,2023-06-18 01:36:46
642,816-90,Chasing sunsets.,0,story,2023-04-02 04:14:50
643,390-88,Feeling grateful today.,0,story,2023-09-13 23:25:56
644,574-66,Chasing sunsets.,0,message,2023-11-25 00:53:58
645,601-45,Sunsets and palm trees ðŸŒ…ðŸŒ´,0,message,2023-12-03 16:26:22
646,491-43,Just beachy!,0,message,2023-08-22 03:17:44
647,836-40,Sunsets and palm trees ðŸŒ…ðŸŒ´,0,message,2023-12-02 21:47:35
648,588-65,Living my best life!,0,story,2023-12-18 14:37:06
649,960-95,Making memories.,1,story,2023-10-11 23:02:23
650,865-80,Living my best life!,0,story,2023-11-16 06:47:27
651,516-60,Weekend vibes!,0,message,2024-02-15 20:53:41
652,453-25,Adventure awaits!,1,message,2023-07-05 21:56:06
653,818-60,Making memories.,0,story,2023-06-05 13:42:14
654,899-98,Good times with great friends.,0,story,2023-11-27 02:22:12
655,308-39,Just beachy!,1,story,2023-11-18 19:36:50
656,044-03,Sunsets and palm trees ðŸŒ…ðŸŒ´,1,story,2023-11-03 07:19:34
657,833-67,Living my best life!,0,story,2024-01-15 21:55:35
658,973-05,Chasing sunsets.,0,message,2023-06-17 16:10:30
659,849-21,Living my best life!,1,story,2024-01-06 22:59:54
660,659-96,Adventure awaits!,1,message,2023-09-14 12:34:25
661,979-40,Adventure awaits!,0,message,2024-01-26 04:08:18
662,369-32,Good times with great friends.,0,story,2023-10-30 16:48:51
663,054-90,Chasing sunsets.,0,story,2023-05-01 05:18:56
664,323-86,Sunsets and palm trees ðŸŒ…ðŸŒ´,0,story,2023-04-20 21:47:41
665,016-98,Adventure awaits!,1,story,2024-01-20 21:53:32
666,119-27,Weekend vibes!,0,message,2023-05-13 15:45:59
667,885-52,Good times with great friends.,0,story,2023-03-27 03:18:15
668,437-15,Sunny days and good vibes.,0,story,2023-04-10 18:44:06
669,463-02,Living my best life!,1,story,2024-01-04 03:59:16
670,927-32,Weekend vibes!,0,story,2024-02-08 01:13:54
671,521-53,Weekend vibes!,0,message,2023-04-02 09:10:28
672,130-32,Chasing sunsets.,0,message,2023-03-19 21:47:58
673,562-80,Good times with great friends.,0,story,2023-03-02 05:00:54
674,577-04,Weekend vibes!,0,story,2023-10-17 00:37:09
675,952-68,Chasing sunsets.,1,message,2023-08-10 19:58:01
676,327-64,Chasing sunsets.,0,message,2023-10-03 13:40:29
677,348-10,Adventure awaits!,1,message,2023-08-05 23:35:44
678,788-64,Weekend vibes!,0,message,2023-06-14 12:53:57
679,575-47,Good times with great friends.,1,message,2023-06-20 05:21:45
680,334-71,Living my best life!,1,message,2023-10-27 08:58:27
681,506-32,Just beachy!,1,story,2023-09-10 05:10:04
682,152-62,Chasing sunsets.,1,message,2024-02-02 08:28:16
683,680-00,Weekend vibes!,0,message,2023-12-07 10:29:42
684,455-18,Chasing sunsets.,1,message,2023-11-06 19:12:37
685,693-76,Feeling grateful today.,1,message,2024-01-28 12:46:44
686,060-69,Just beachy!,1,story,2024-02-19 19:40:45
687,923-60,Living my best life!,1,story,2023-11-02 02:14:52
688,402-09,Just beachy!,1,message,2023-07-21 21:25:57
689,527-85,Adventure awaits!,0,message,2023-04-18 00:23:44
690,017-02,Sunny days and good vibes.,1,message,2024-01-13 18:08:34
691,212-32,Weekend vibes!,1,story,2023-08-26 00:26:02
692,742-59,Good times with great friends.,1,story,2023-08-24 15:07:08
693,730-54,Chasing sunsets.,1,message,2024-01-15 05:28:34
694,914-88,Weekend vibes!,1,story,2024-01-29 01:01:59
695,406-48,Making memories.,0,message,2023-06-12 11:00:01
696,967-27,Making memories.,1,story,2023-05-09 14:36:21
697,888-58,Just beachy!,0,story,2023-11-18 06:42:51
698,892-14,Making memories.,1,message,2023-10-25 22:31:05
699,689-38,Chasing sunsets.,0,story,2023-03-09 07:11:26
700,421-64,Chasing sunsets.,0,message,2023-12-10 01:46:40
701,447-97,Just beachy!,1,message,2024-02-11 01:27:57
702,201-87,Just beachy!,0,message,2023-05-26 04:46:23
703,813-32,Sunsets and palm trees ðŸŒ…ðŸŒ´,1,story,2023-09-10 17:37:23
704,102-04,Feeling grateful today.,1,message,2023-12-24 00:03:33
705,132-26,Weekend vibes!,0,story,2023-10-06 03:37:42
706,226-88,Just beachy!,1,story,2023-12-28 06:01:14
707,421-40,Weekend vibes!,1,story,2024-02-10 08:03:47
708,688-51,Feeling grateful today.,0,message,2023-12-27 20:30:19
709,725-47,Good times with great friends.,0,story,2023-08-29 11:12:19
710,254-20,Just beachy!,0,story,2023-09-05 01:51:02
711,775-95,Adventure awaits!,0,story,2023-12-09 06:52:48
712,841-88,Making memories.,1,message,2024-02-24 17:03:17
713,778-68,Feeling grateful today.,0,story,2023-04-21 09:30:27
714,903-52,Chasing sunsets.,1,message,2023-06-16 00:27:59
715,431-77,Just beachy!,0,message,2023-11-27 14:33:51
716,869-29,Feeling grateful today.,1,message,2023-04-25 14:49:37
717,882-58,Good times with great friends.,0,story,2023-11-27 14:34:32
718,433-40,Living my best life!,1,story,2023-08-22 09:54:07
719,949-26,Adventure awaits!,0,story,2023-10-11 13:12:36
720,106-17,Sunsets and palm trees ðŸŒ…ðŸŒ´,1,message,2023-12-20 13:56:03
721,807-86,Adventure awaits!,0,message,2023-10-25 08:05:15
722,898-06,Adventure awaits!,1,story,2023-10-05 03:47:57
723,244-95,Chasing sunsets.,1,message,2023-11-14 08:24:35
724,142-14,Making memories.,0,message,2023-03-13 06:28:23
725,799-54,Making memories.,1,story,2023-04-06 17:12:16
726,052-93,Sunny days and good vibes.,1,story,2023-12-03 16:36:55
727,382-26,Adventure awaits!,0,message,2023-05-25 12:42:31
728,684-56,Feeling grateful today.,0,story,2023-04-24 20:35:46
729,138-48,Sunsets and palm trees ðŸŒ…ðŸŒ´,0,message,2023-03-04 11:27:30
730,303-37,Weekend vibes!,0,message,2023-03-08 13:05:19
731,456-16,Just beachy!,0,story,2023-07-02 11:21:43
732,268-15,Living my best life!,1,story,2023-05-14 20:43:47
733,957-84,Making memories.,0,message,2023-10-25 03:37:17
734,802-22,Sunny days and good vibes.,0,message,2023-03-01 21:32:10
735,671-57,Weekend vibes!,0,story,2024-02-25 15:44:16
736,474-78,Good times with great friends.,1,message,2024-02-09 04:20:35
737,741-23,Weekend vibes!,1,story,2023-08-02 20:55:54
738,680-76,Making memories.,0,message,2023-12-01 00:38:50
739,710-92,Weekend vibes!,0,message,2023-10-20 03:26:10
740,878-18,Living my best life!,0,message,2023-10-03 23:51:05
741,609-47,Adventure awaits!,1,story,2023-04-06 14:11:46
742,879-77,Weekend vibes!,0,message,2023-07-03 14:06:05
743,655-92,Sunsets and palm trees ðŸŒ…ðŸŒ´,0,message,2023-04-14 12:01:10
744,649-70,Chasing sunsets.,1,message,2023-08-18 17:48:30
745,434-22,Living my best life!,1,message,2023-11-18 20:42:48
746,301-95,Adventure awaits!,1,message,2023-09-13 00:48:48
747,401-45,Sunsets and palm trees ðŸŒ…ðŸŒ´,0,message,2024-01-13 02:34:33
748,403-67,Just beachy!,0,message,2023-05-24 00:30:15
749,570-89,Feeling grateful today.,0,message,2023-04-03 22:17:36
750,480-85,Sunny days and good vibes.,0,message,2023-10-04 21:27:04
751,392-00,Making memories.,1,message,2023-08-07 02:36:14
752,933-16,Sunsets and palm trees ðŸŒ…ðŸŒ´,0,story,2023-06-01 20:45:49
753,800-34,Sunny days and good vibes.,1,message,2023-11-05 21:27:06
754,889-11,Chasing sunsets.,0,story,2023-07-02 23:25:12
755,546-72,Weekend vibes!,0,story,2023-12-10 20:14:28
756,744-36,Chasing sunsets.,0,message,2023-12-11 13:08:12
757,340-64,Weekend vibes!,0,story,2023-11-19 05:05:59
758,016-42,Sunny days and good vibes.,1,message,2023-08-14 16:02:07
759,089-17,Adventure awaits!,0,message,2023-11-03 21:32:02
760,276-27,Weekend vibes!,0,story,2023-04-05 04:55:33
761,027-31,Just beachy!,0,story,2023-07-05 21:55:58
762,305-75,Feeling grateful today.,0,story,2023-07-11 02:54:02
763,521-73,Adventure awaits!,0,message,2023-05-05 08:59:21
764,366-93,Making memories.,0,story,2023-11-18 23:48:44
765,264-95,Feeling grateful today.,0,story,2024-01-16 22:41:17
766,302-50,Living my best life!,0,story,2023-03-02 18:24:24
767,078-11,Weekend vibes!,1,message,2023-11-28 00:02:38
768,390-46,Living my best life!,0,story,2023-12-25 07:33:53
769,052-58,Good times with great friends.,1,message,2023-07-18 05:57:30
770,996-39,Making memories.,1,story,2023-07-10 15:56:57
771,581-66,Chasing sunsets.,0,message,2023-12-06 08:48:48
772,344-75,Feeling grateful today.,1,story,2024-01-26 14:12:06
773,053-92,Chasing sunsets.,0,story,2024-01-01 14:11:12
774,935-55,Sunsets and palm trees ðŸŒ…ðŸŒ´,0,story,2023-10-29 20:43:02
775,314-13,Chasing sunsets.,1,message,2023-08-03 14:04:40
776,763-45,Living my best life!,0,story,2023-04-20 19:40:52
777,082-62,Living my best life!,0,message,2023-11-06 12:08:20
778,022-43,Good times with great friends.,0,message,2023-05-04 22:55:04
779,481-53,Sunsets and palm trees ðŸŒ…ðŸŒ´,1,story,2024-02-24 22:00:29
780,203-34,Sunsets and palm trees ðŸŒ…ðŸŒ´,1,message,2023-10-25 18:54:23
781,090-13,Living my best life!,0,story,2023-10-01 11:35:28
782,338-62,Sunsets and palm trees ðŸŒ…ðŸŒ´,0,story,2023-09-29 18:49:16
783,777-08,Adventure awaits!,0,story,2023-09-04 04:22:32
784,006-80,Sunny days and good vibes.,0,message,2024-01-20 01:03:43
785,280-26,Living my best life!,1,story,2023-12-10 04:16:30
786,711-61,Just beachy!,0,message,2024-01-08 13:55:07
787,009-18,Living my best life!,0,message,2024-02-17 02:41:10
788,009-51,Living my best life!,0,message,2024-01-29 04:34:24
789,673-12,Living my best life!,1,message,2023-10-22 06:44:26
790,732-89,Adventure awaits!,0,message,2024-01-16 16:22:47
791,727-62,Living my best life!,1,story,2024-01-29 03:33:59
792,021-87,Good times with great friends.,1,message,2023-12-12 06:40:43
793,112-58,Feeling grateful today.,1,story,2023-08-08 15:11:53
794,063-80,Making memories.,0,message,2023-02-28 19:08:59
795,648-13,Sunsets and palm trees ðŸŒ…ðŸŒ´,1,message,2023-04-17 19:38:38
796,764-44,Sunsets and palm trees ðŸŒ…ðŸŒ´,0,message,2023-06-27 17:21:53
797,197-55,Living my best life!,1,message,2023-10-05 17:48:04
798,306-76,Just beachy!,1,story,2023-10-06 15:39:49
799,408-20,Good times with great friends.,1,story,2023-08-31 21:17:54
800,696-90,Making memories.,0,message,2023-12-01 17:48:40
801,109-77,Making memories.,0,story,2023-05-17 06:21:41
802,525-55,Weekend vibes!,0,message,2024-01-14 08:44:59
803,597-54,Sunsets and palm trees ðŸŒ…ðŸŒ´,0,story,2023-11-09 20:58:17
804,698-87,Sunny days and good vibes.,1,story,2023-04-02 07:46:37
805,005-04,Making memories.,1,story,2023-11-29 20:44:08
806,391-18,Weekend vibes!,0,message,2023-06-05 19:00:08
807,621-29,Living my best life!,0,message,2023-07-02 05:57:38
808,590-17,Making memories.,0,story,2023-05-24 22:42:18
809,135-30,Living my best life!,1,message,2024-01-09 13:19:17
810,885-94,Sunsets and palm trees ðŸŒ…ðŸŒ´,0,message,2023-10-27 23:57:11
811,914-26,Just beachy!,0,story,2023-08-23 01:06:26
812,132-38,Just beachy!,0,story,2023-07-25 07:20:40
813,979-64,Feeling grateful today.,0,story,2023-06-09 02:38:18
814,775-17,Feeling grateful today.,1,message,2023-09-27 02:54:45
815,089-22,Feeling grateful today.,0,story,2023-09-25 10:01:33
816,652-81,Weekend vibes!,0,message,2023-06-29 22:12:26
817,114-65,Weekend vibes!,0,story,2023-04-08 08:41:33
818,468-61,Good times with great friends.,1,message,2023-11-22 00:06:09
819,875-21,Sunny days and good vibes.,0,story,2023-11-16 07:08:31
820,869-32,Feeling grateful today.,1,story,2023-11-14 05:21:43
821,043-57,Just beachy!,1,message,2023-08-27 13:12:15
822,077-14,Feeling grateful today.,0,story,2023-03-18 14:13:24
823,648-42,Living my best life!,0,message,2023-11-25 08:03:23
824,436-31,Weekend vibes!,0,message,2023-07-10 01:33:42
825,827-23,Sunny days and good vibes.,0,story,2023-12-24 14:38:55
826,062-16,Living my best life!,0,story,2023-04-25 18:12:05
827,314-29,Sunny days and good vibes.,1,message,2024-01-09 21:07:11
828,918-57,Adventure awaits!,0,story,2023-04-18 01:05:33
829,988-52,Weekend vibes!,0,message,2023-09-05 02:41:40
830,127-91,Sunsets and palm trees ðŸŒ…ðŸŒ´,0,story,2024-01-26 16:53:43
831,827-87,Living my best life!,1,message,2023-07-21 18:03:10
832,956-59,Just beachy!,0,message,2023-12-05 20:31:04
833,152-76,Sunsets and palm trees ðŸŒ…ðŸŒ´,1,story,2023-05-05 22:04:24
834,857-10,Just beachy!,0,message,2023-08-03 07:09:58
835,122-39,Weekend vibes!,1,message,2023-06-09 02:47:44
836,640-63,Good times with great friends.,0,story,2024-01-19 12:05:34
837,615-76,Good times with great friends.,1,message,2023-06-15 19:28:19
838,212-49,Sunny days and good vibes.,0,story,2023-03-14 02:59:03
839,325-65,Making memories.,1,message,2023-10-06 10:34:08
840,239-00,Making memories.,1,message,2023-04-30 04:29:40
841,249-70,Adventure awaits!,0,message,2024-02-17 14:45:23
842,649-96,Sunny days and good vibes.,0,story,2023-11-14 14:21:44
843,974-27,Just beachy!,1,message,2024-02-18 10:56:51
844,509-95,Feeling grateful today.,0,message,2023-12-20 01:53:07
845,889-92,Living my best life!,0,story,2023-12-29 23:21:30
846,835-91,Weekend vibes!,1,story,2024-02-13 18:28:59
847,731-83,Adventure awaits!,0,story,2023-04-27 23:53:00
848,352-36,Sunsets and palm trees ðŸŒ…ðŸŒ´,1,message,2023-08-21 22:01:15
849,491-51,Feeling grateful today.,0,message,2023-07-31 07:08:30
850,477-54,Chasing sunsets.,0,message,2023-07-21 08:44:00
851,622-57,Chasing sunsets.,0,message,2024-01-06 17:07:29
852,784-50,Just beachy!,0,story,2023-12-29 12:35:08
853,853-74,Adventure awaits!,0,story,2023-07-07 01:55:36
854,475-86,Sunsets and palm trees ðŸŒ…ðŸŒ´,0,message,2023-09-15 18:39:23
855,866-50,Feeling grateful today.,0,message,2023-10-23 16:12:08
856,279-48,Sunny days and good vibes.,1,message,2023-10-25 01:21:10
857,242-18,Living my best life!,0,story,2023-03-27 17:38:44
858,547-71,Adventure awaits!,0,message,2023-05-29 13:30:30
859,922-33,Weekend vibes!,0,message,2023-03-17 23:02:50
860,304-99,Feeling grateful today.,1,story,2023-10-22 04:11:33
861,121-83,Adventure awaits!,0,story,2023-10-15 19:54:21
862,720-74,Good times with great friends.,0,story,2023-12-09 00:13:40
863,677-42,Weekend vibes!,1,story,2023-03-14 09:19:28
864,568-09,Living my best life!,1,story,2023-06-05 06:33:36
865,796-62,Making memories.,0,message,2024-01-31 21:54:33
866,845-34,Sunny days and good vibes.,1,story,2023-08-23 02:29:57
867,573-76,Adventure awaits!,0,message,2024-01-12 14:03:16
868,076-32,Making memories.,0,story,2023-04-07 17:44:58
869,635-83,Chasing sunsets.,0,message,2024-01-26 06:37:35
870,513-89,Weekend vibes!,0,message,2023-05-06 22:04:23
871,351-41,Good times with great friends.,1,message,2023-04-27 07:12:22
872,678-85,Sunsets and palm trees ðŸŒ…ðŸŒ´,0,story,2023-06-24 05:29:24
873,663-52,Making memories.,1,message,2023-11-30 22:58:00
874,878-06,Adventure awaits!,0,message,2023-12-29 15:22:49
875,316-32,Weekend vibes!,0,story,2023-03-08 00:16:47
876,870-25,Living my best life!,0,story,2023-11-14 13:27:03
877,093-56,Weekend vibes!,1,message,2023-06-12 13:37:57
878,653-15,Just beachy!,1,message,2023-06-03 21:57:52
879,407-30,Sunsets and palm trees ðŸŒ…ðŸŒ´,0,message,2023-12-31 15:40:28
880,502-88,Chasing sunsets.,1,message,2024-01-12 23:23:20
881,931-96,Sunsets and palm trees ðŸŒ…ðŸŒ´,1,message,2023-03-23 03:22:13
882,038-12,Feeling grateful today.,1,message,2023-12-25 17:54:21
883,700-90,Good times with great friends.,0,message,2023-09-11 22:27:13
884,748-03,Sunny days and good vibes.,0,story,2023-04-28 12:03:07
885,204-17,Good times with great friends.,0,message,2023-05-30 23:07:22
886,954-15,Sunny days and good vibes.,1,message,2023-09-05 00:29:08
887,907-84,Weekend vibes!,1,story,2023-08-09 23:30:02
888,435-19,Sunny days and good vibes.,0,story,2023-12-12 04:51:30
889,749-36,Weekend vibes!,1,message,2023-03-03 14:49:43
890,472-61,Living my best life!,0,message,2023-06-09 22:51:21
891,443-95,Sunsets and palm trees ðŸŒ…ðŸŒ´,0,message,2023-04-14 05:48:32
892,710-85,Feeling grateful today.,1,story,2023-09-15 00:00:48
893,019-52,Sunny days and good vibes.,0,message,2023-11-30 20:58:42
894,847-80,Sunny days and good vibes.,1,message,2023-10-18 17:45:16
895,495-33,Sunny days and good vibes.,0,message,2023-06-24 07:48:21
896,054-73,Chasing sunsets.,1,story,2023-07-03 00:37:28
897,643-07,Weekend vibes!,1,story,2023-06-19 03:14:41
898,347-80,Making memories.,0,story,2023-07-15 06:30:44
899,353-34,Feeling grateful today.,1,message,2023-07-09 16:23:56
900,061-37,Sunny days and good vibes.,0,message,2023-08-28 12:58:00
901,386-89,Just beachy!,0,story,2023-09-16 06:58:37
902,010-80,Just beachy!,0,story,2023-11-20 13:52:24
903,701-10,Making memories.,1,message,2024-02-15 17:37:12
904,345-71,Chasing sunsets.,1,story,2023-11-15 19:10:56
905,203-93,Sunny days and good vibes.,1,message,2023-10-14 23:01:00
906,318-54,Living my best life!,1,message,2023-08-26 13:11:34
907,395-57,Chasing sunsets.,1,message,2023-10-12 18:06:12
908,778-88,Good times with great friends.,0,story,2023-05-29 06:54:11
909,087-89,Chasing sunsets.,0,message,2023-04-10 04:22:19
910,424-62,Chasing sunsets.,0,message,2024-01-12 09:29:22
911,982-15,Weekend vibes!,0,story,2024-01-17 00:17:06
912,245-43,Weekend vibes!,0,message,2023-07-08 03:14:22
913,697-82,Good times with great friends.,1,message,2023-05-15 12:04:40
914,506-91,Feeling grateful today.,0,message,2023-06-09 14:47:29
915,130-79,Sunny days and good vibes.,1,message,2023-09-19 17:14:47
916,794-57,Weekend vibes!,0,story,2023-10-14 08:26:52
917,848-51,Sunny days and good vibes.,1,message,2024-01-29 23:15:50
918,315-89,Sunsets and palm trees ðŸŒ…ðŸŒ´,0,story,2023-08-12 13:59:36
919,335-59,Adventure awaits!,0,message,2023-10-29 07:14:25
920,872-45,Living my best life!,1,story,2023-11-01 01:35:20
921,441-42,Weekend vibes!,1,message,2023-11-21 01:00:36
922,635-81,Sunsets and palm trees ðŸŒ…ðŸŒ´,0,story,2023-12-18 11:19:32
923,933-78,Just beachy!,1,story,2023-12-05 19:08:30
924,726-00,Sunsets and palm trees ðŸŒ…ðŸŒ´,1,story,2023-07-17 19:09:49
925,333-86,Chasing sunsets.,1,message,2023-07-01 01:57:16
926,608-12,Adventure awaits!,0,message,2023-12-06 05:14:44
927,680-53,Just beachy!,1,story,2023-05-28 19:55:34
928,799-56,Sunny days and good vibes.,1,story,2023-09-12 03:50:11
929,983-16,Sunsets and palm trees ðŸŒ…ðŸŒ´,1,message,2023-10-17 14:26:46
930,130-97,Sunsets and palm trees ðŸŒ…ðŸŒ´,0,story,2024-02-17 06:28:09
931,279-14,Making memories.,0,story,2024-01-19 23:13:48
932,127-76,Making memories.,0,message,2024-01-02 10:36:21
933,800-33,Sunny days and good vibes.,0,story,2023-06-09 04:13:29
934,039-38,Living my best life!,0,story,2023-06-04 02:14:37
935,706-61,Chasing sunsets.,1,story,2023-06-23 15:41:48
936,888-48,Living my best life!,0,story,2023-03-15 12:59:12
937,472-77,Just beachy!,0,message,2023-06-07 02:54:59
938,518-88,Living my best life!,1,message,2023-11-27 16:52:47
939,631-03,Chasing sunsets.,1,story,2023-11-30 21:47:18
940,473-09,Adventure awaits!,1,message,2023-12-31 02:17:10
941,652-01,Good times with great friends.,1,story,2024-02-23 07:54:42
942,471-05,Sunny days and good vibes.,1,story,2023-12-28 21:31:35
943,679-11,Weekend vibes!,0,message,2023-04-23 19:17:13
944,267-95,Making memories.,0,message,2023-09-25 05:38:26
945,399-00,Just beachy!,0,message,2024-01-11 08:05:54
946,105-57,Adventure awaits!,0,message,2023-12-17 11:01:01
947,108-21,Sunny days and good vibes.,1,message,2023-06-08 01:22:32
948,767-53,Good times with great friends.,0,story,2023-09-02 19:20:38
949,780-25,Making memories.,1,message,2023-12-26 04:00:14
950,905-25,Adventure awaits!,1,message,2024-02-18 09:10:56
951,389-76,Just beachy!,0,story,2023-09-11 17:48:18
952,568-24,Sunsets and palm trees ðŸŒ…ðŸŒ´,1,story,2023-09-25 13:10:07
953,020-99,Good times with great friends.,0,message,2023-03-31 11:31:01
954,758-27,Sunny days and good vibes.,1,message,2023-07-28 07:44:52
955,463-84,Just beachy!,1,message,2023-11-09 11:53:58
956,172-19,Adventure awaits!,0,story,2023-12-05 09:04:21
957,819-44,Feeling grateful today.,1,story,2023-05-09 14:14:12
958,873-69,Adventure awaits!,0,story,2023-06-07 03:07:09
959,119-13,Just beachy!,0,story,2023-07-09 04:55:47
960,911-60,Making memories.,0,story,2023-05-20 06:37:07
961,125-05,Feeling grateful today.,1,message,2023-07-31 22:29:34
962,062-24,Making memories.,1,story,2024-01-03 02:37:21
963,746-99,Feeling grateful today.,0,story,2023-07-02 16:16:20
964,185-28,Sunsets and palm trees ðŸŒ…ðŸŒ´,0,story,2023-05-28 09:08:08
965,721-94,Sunny days and good vibes.,1,message,2023-12-03 20:27:47
966,932-89,Making memories.,1,message,2023-05-26 08:07:48
967,507-95,Feeling grateful today.,0,story,2023-04-28 00:18:20
968,004-98,Living my best life!,1,message,2024-02-10 21:55:50
969,364-64,Adventure awaits!,0,message,2023-04-29 19:52:29
970,797-27,Weekend vibes!,0,story,2023-08-16 07:46:42
971,967-30,Weekend vibes!,0,story,2023-10-15 16:47:45
972,826-88,Good times with great friends.,1,story,2023-04-06 07:01:17
973,328-08,Making memories.,1,story,2023-06-07 21:45:37
974,147-09,Feeling grateful today.,0,story,2023-09-10 14:00:30
975,921-97,Sunsets and palm trees ðŸŒ…ðŸŒ´,0,story,2023-09-12 09:05:15
976,588-10,Good times with great friends.,1,message,2023-12-14 08:12:18
977,054-39,Sunny days and good vibes.,1,message,2023-08-25 02:11:32
978,913-20,Good times with great friends.,1,message,2023-03-23 07:44:03
979,833-54,Adventure awaits!,1,story,2023-06-08 04:31:20
980,740-41,Good times with great friends.,1,message,2023-11-01 22:23:16
981,834-02,Just beachy!,0,message,2023-04-02 17:42:37
982,840-20,Weekend vibes!,1,message,2023-03-23 11:14:24
983,500-61,Good times with great friends.,0,story,2023-04-14 00:24:40
984,729-07,Feeling grateful today.,0,story,2023-04-20 17:54:44
985,037-99,Feeling grateful today.,1,story,2023-03-03 21:56:24
986,702-79,Good times with great friends.,1,message,2023-04-21 10:33:15
987,694-80,Good times with great friends.,1,message,2024-01-06 06:33:55
988,848-65,Making memories.,0,story,2024-01-05 05:54:11
989,353-37,Sunny days and good vibes.,0,story,2023-04-20 22:18:06
990,642-44,Sunsets and palm trees ðŸŒ…ðŸŒ´,1,story,2023-07-09 21:15:28
991,432-72,Chasing sunsets.,1,message,2023-08-13 07:19:13
992,357-82,Adventure awaits!,0,story,2023-06-28 13:10:35
993,652-71,Sunny days and good vibes.,0,message,2023-06-09 11:22:11
994,739-26,Sunny days and good vibes.,0,message,2024-01-24 13:42:36
995,560-33,Feeling grateful today.,1,message,2023-11-13 01:23:18
996,227-13,Making memories.,0,message,2023-10-01 02:38:23
997,449-92,Adventure awaits!,1,message,2023-07-13 08:53:01
998,242-69,Sunny days and good vibes.,1,message,2023-12-29 22:18:35
999,337-77,Weekend vibes!,0,message,2024-01-19 12:27:36
1000,318-95,Chasing sunsets.,0,story,2024-01-19 13:16:03
