1,Boyle-Rau,Laotian,medium,Pine Ridge,19:04,0.2,false
2,Schmitt-Little,Nicaraguan,medium,Cedar Ridge,6:52,3.5,true
3,"Raynor, Schuster and Howell",Sioux,medium,Hillcrest Heights,23:20,3.4,true
4,"Reichel, Bins and Schowalter",Yaqui,low,Riverbend,17:15,3.4,false
5,Marvin and Sons,Ottawa,medium,Meadowbrook,8:53,4.7,true
6,Labadie Inc,Spaniard,low,Hillcrest Heights,20:50,2.0,false
7,Lang-Romaguera,Asian,low,Meadowbrook,18:35,2.8,true
8,Weimann Inc,Osage,high,Oakwood Estates,22:38,1.9,true
9,Bode Inc,Houma,medium,Maple Grove,9:37,0.3,false
10,Dietrich-Nader,Kiowa,medium,Oakwood Estates,11:23,0.7,false
11,Emmerich-Sauer,Melanesian,low,Pine Ridge,7:19,4.1,true
12,Stokes-Gleason,Navajo,medium,Meadowbrook,16:02,0.9,false
13,"Steuber, Stehr and Hessel",Alaska Native,low,Oakwood Estates,21:09,4.6,true
14,"Bergnaum, Maggio and Marvin",Navajo,medium,Cedar Ridge,1:37,1.4,true
15,Dooley LLC,Yuman,low,Willow Creek,6:40,0.6,false
16,"Feil, Schinner and Parisian",Sri Lankan,low,Meadowbrook,19:48,0.3,true
17,"Moore, Jenkins and Dietrich",Paraguayan,low,Pine Ridge,14:34,4.5,false
18,"Metz, Reilly and Hilll",Crow,medium,Oakwood Estates,11:50,2.8,true
19,Yost Group,Tlingit-Haida,high,Sunnydale,5:48,1.7,false
20,Walsh-Paucek,Cuban,low,Meadowbrook,18:05,0.0,true
21,Hoeger-Schuppe,Colville,low,Pine Ridge,6:18,1.7,true
22,"Spinka, Hoeger and Smith",Native Hawaiian,high,Willow Creek,22:38,4.5,true
23,Jerde-Cummings,Houma,medium,Riverbend,16:32,1.8,true
24,"Wunsch, Wunsch and Baumbach",Asian,high,Meadowbrook,6:13,2.3,false
25,"Stehr, Wisozk and Klocko",Ute,medium,Sunset Hills,12:15,4.2,false
26,Ratke Group,Choctaw,low,Cedar Ridge,9:47,1.9,true
27,"Funk, Kirlin and Mayer",Cuban,medium,Meadowbrook,20:47,3.8,false
28,D'Amore-Smitham,Tlingit-Haida,low,Hillcrest Heights,11:00,1.8,false
29,Harvey-Hodkiewicz,Houma,low,Hillcrest Heights,1:42,2.3,true
30,Murray-Gibson,Chilean,high,Maple Grove,16:27,1.2,true
31,Cummings-Kutch,Crow,low,Sunnydale,1:19,0.4,false
32,Kozey-Rath,Malaysian,high,Sunset Hills,13:44,5.0,true
33,"Rutherford, Connelly and Quigley",Shoshone,medium,Hillcrest Heights,2:40,1.1,true
34,Green Group,Micronesian,high,Riverbend,6:07,1.5,false
35,Kub-Wintheiser,Sri Lankan,medium,Sunnydale,4:34,2.4,true
36,Bode-Moen,Honduran,high,Meadowbrook,14:30,3.1,true
37,"Toy, Nikolaus and Pagac",Polynesian,high,Sunnydale,1:44,2.0,false
38,Volkman Inc,Japanese,low,Oakwood Estates,3:04,4.2,false
39,Rowe-Pacocha,Thai,low,Riverbend,10:53,3.8,true
40,Schiller Group,Creek,low,Oakwood Estates,0:27,0.0,false
41,"Streich, Runte and Tremblay",Filipino,high,Meadowbrook,13:18,1.5,true
42,Nikolaus-Kuhic,Seminole,medium,Riverbend,13:29,1.3,true
43,"Ryan, Bayer and Bruen",Venezuelan,high,Riverbend,15:52,2.3,false
44,Thompson Group,Pima,low,Willow Creek,23:07,4.7,false
45,Boyle and Sons,Melanesian,medium,Oakwood Estates,10:22,0.1,true
46,Jakubowski LLC,Houma,low,Hillcrest Heights,2:17,0.5,true
47,Bins Group,Micronesian,low,Sunset Hills,3:12,3.9,false
48,"DuBuque, McKenzie and Medhurst",Peruvian,high,Oakwood Estates,0:02,0.1,true
49,"Beatty, Beatty and Bogisich",Pima,medium,Meadowbrook,15:38,1.0,true
50,Heathcote and Sons,Chickasaw,medium,Meadowbrook,14:37,2.4,true
51,"Zemlak, Little and Herman",Japanese,low,Oakwood Estates,11:08,2.3,true
52,"Wiza, Ortiz and Raynor",Paiute,medium,Pine Ridge,21:23,2.5,false
53,"Jacobi, Corkery and Thiel",Native Hawaiian,high,Willow Creek,11:16,1.5,true
54,Johnston and Sons,Chamorro,low,Maple Grove,16:05,0.2,true
55,Fadel-Pfeffer,Uruguayan,high,Sunset Hills,18:41,3.5,true
56,Aufderhar Inc,Eskimo,high,Riverbend,7:08,3.0,true
57,"Skiles, Aufderhar and Bogisich",Argentinian,low,Maple Grove,12:52,3.0,false
58,Hills Inc,Uruguayan,medium,Sunset Hills,14:55,2.7,true
59,Abbott and Sons,Asian Indian,medium,Meadowbrook,3:14,3.4,true
60,Collier-McLaughlin,Native Hawaiian,medium,Sunset Hills,14:28,0.0,true
61,"Greenfelder, Schinner and Becker",Iroquois,low,Meadowbrook,18:15,3.2,false
62,"Bashirian, Rowe and Walter",Korean,low,Cedar Ridge,10:53,3.2,false
63,Quigley Inc,Uruguayan,medium,Sunset Hills,2:42,3.7,true
64,Schaefer-Heller,Alaskan Athabascan,high,Sunnydale,22:12,3.9,false
65,Kertzmann-Crist,Apache,high,Riverbend,20:10,0.8,true
66,Mraz-Abbott,Shoshone,low,Oakwood Estates,7:35,4.2,true
67,Runolfsdottir and Sons,Shoshone,low,Cedar Ridge,1:19,1.8,false
68,Hansen-Kuvalis,Native Hawaiian and Other Pacific Islander (NHPI),high,Riverbend,16:31,4.1,false
69,Kulas and Sons,Yakama,medium,Oakwood Estates,20:48,3.4,false
70,Ullrich-Rodriguez,Nicaraguan,medium,Cedar Ridge,3:32,4.7,false
71,Trantow and Sons,Salvadoran,medium,Pine Ridge,6:04,3.3,true
72,Schroeder-Romaguera,Paraguayan,low,Oakwood Estates,9:40,4.4,true
73,Kshlerin Group,Paraguayan,high,Hillcrest Heights,10:29,1.2,true
74,Jones-Jacobs,White,low,Hillcrest Heights,8:21,0.4,false
75,"Ebert, Fay and McGlynn",Melanesian,high,Sunset Hills,23:09,1.3,true
76,Ferry LLC,Asian,low,Sunnydale,21:13,3.1,false
77,Satterfield-Gottlieb,Ecuadorian,high,Sunset Hills,18:13,4.1,false
78,"Keebler, Pacocha and Collier",Lumbee,medium,Maple Grove,8:56,3.8,true
79,Crona-Cummings,Native Hawaiian and Other Pacific Islander (NHPI),low,Willow Creek,14:18,1.6,true
80,Johnson-Pollich,Puget Sound Salish,high,Oakwood Estates,21:01,3.8,true
81,"Bahringer, Weimann and Hauck",Thai,medium,Meadowbrook,23:47,2.5,true
82,"Zulauf, Gislason and Muller",Lumbee,low,Sunset Hills,13:42,1.0,true
83,"Hettinger, Bernhard and Kilback",Salvadoran,medium,Sunnydale,3:27,1.9,false
84,Blanda Group,Korean,medium,Sunnydale,8:36,0.6,true
85,O'Keefe-Macejkovic,Dominican (Dominican Republic),low,Hillcrest Heights,22:43,1.0,false
86,Jenkins-Berge,Salvadoran,medium,Willow Creek,18:59,3.3,true
87,Bahringer Inc,Yuman,low,Hillcrest Heights,22:29,1.0,true
88,"Stehr, Ondricka and Von",Hmong,low,Pine Ridge,3:11,1.2,false
89,"Rolfson, Leffler and Torp",Crow,high,Pine Ridge,20:57,4.7,false
90,Kohler Group,Chippewa,high,Cedar Ridge,11:06,2.1,true
91,Botsford LLC,Navajo,low,Sunnydale,4:42,2.7,false
92,Farrell Group,Filipino,low,Hillcrest Heights,16:47,2.9,true
93,Sauer Group,Tohono O'Odham,low,Maple Grove,14:21,0.0,true
94,"Kuhic, Bahringer and Tillman",Eskimo,medium,Sunnydale,5:19,0.3,false
95,Lakin Inc,Yuman,high,Willow Creek,4:08,4.4,true
96,"Reichert, Pfeffer and Rohan",Creek,low,Hillcrest Heights,13:03,1.9,true
97,"Farrell, Howe and Okuneva",Creek,high,Riverbend,4:32,1.1,false
98,Gerhold-Leffler,White,low,Hillcrest Heights,6:10,4.7,true
99,Hickle-Parker,Chilean,high,Sunset Hills,11:24,1.1,true
100,Kuhn-Gutmann,Japanese,high,Riverbend,4:00,1.4,false
101,Zulauf-Grant,Hmong,low,Maple Grove,10:23,0.9,false
102,"Lebsack, Hickle and Bartoletti",Micronesian,high,Hillcrest Heights,23:01,1.0,false
103,"Upton, Rohan and Boyle",Chilean,low,Pine Ridge,0:52,0.5,false
104,Torp-McDermott,Tlingit-Haida,medium,Oakwood Estates,20:16,3.9,true
105,Stiedemann and Sons,Dominican (Dominican Republic),high,Pine Ridge,12:41,4.1,false
106,"Spencer, Hettinger and Collier",Fijian,medium,Riverbend,18:18,0.9,false
107,Hand Group,Paiute,high,Hillcrest Heights,3:28,4.6,true
108,"Flatley, Torp and Romaguera",Sri Lankan,low,Riverbend,19:54,4.4,true
109,Baumbach Inc,Indonesian,high,Maple Grove,8:39,0.9,false
110,Carroll-Berge,Chippewa,medium,Maple Grove,0:45,0.0,false
111,Paucek and Sons,Cambodian,high,Hillcrest Heights,14:35,3.5,true
112,"Bode, Rosenbaum and Marvin",Ecuadorian,low,Hillcrest Heights,12:09,1.1,false
113,"Rohan, Lind and Orn",Samoan,medium,Pine Ridge,14:28,0.4,true
114,Streich-Schamberger,Indonesian,medium,Pine Ridge,12:01,1.4,true
115,"Murphy, Wyman and Jacobs",Pakistani,high,Maple Grove,10:29,3.1,false
116,Schamberger and Sons,Micronesian,high,Meadowbrook,4:52,2.5,true
117,Osinski LLC,Guamanian,high,Hillcrest Heights,18:30,1.9,true
118,Spencer-Graham,Cheyenne,high,Cedar Ridge,17:52,3.9,true
119,Schroeder Group,Osage,high,Hillcrest Heights,18:18,1.5,false
120,Feest Inc,Paraguayan,low,Maple Grove,6:02,4.7,true
121,Orn and Sons,Taiwanese,high,Meadowbrook,6:02,3.8,true
122,Wisozk-Kirlin,South American,low,Cedar Ridge,19:44,1.4,true
123,Bergstrom and Sons,Chippewa,medium,Maple Grove,21:47,3.9,true
124,McKenzie-Prohaska,Chinese,low,Hillcrest Heights,3:13,4.3,false
125,Lynch and Sons,Samoan,medium,Sunnydale,4:23,3.1,true
126,Osinski-Durgan,Tohono O'Odham,low,Pine Ridge,14:23,4.4,true
127,Abernathy-Hettinger,Colombian,high,Oakwood Estates,8:58,2.5,true
128,O'Conner-VonRueden,Laotian,high,Willow Creek,19:01,1.3,false
129,Beatty Group,South American,high,Sunset Hills,17:16,0.9,false
130,"Champlin, O'Kon and Lockman",Malaysian,low,Hillcrest Heights,9:21,4.9,true
131,Klocko-Hills,Pakistani,high,Oakwood Estates,3:15,3.1,false
132,Fadel-Swaniawski,Puerto Rican,medium,Riverbend,2:12,4.0,false
133,Kerluke and Sons,Cheyenne,medium,Hillcrest Heights,5:34,4.9,false
134,Bahringer Group,South American,high,Sunset Hills,19:58,1.8,true
135,"Wolff, Block and Wuckert",Sioux,high,Pine Ridge,12:31,0.5,false
136,Abbott Inc,Kiowa,high,Sunnydale,1:40,3.9,true
137,Toy Group,Vietnamese,medium,Riverbend,12:52,2.7,false
138,Kunze-Bartell,Panamanian,high,Hillcrest Heights,20:49,1.8,false
139,"Walsh, Hodkiewicz and Kautzer",Chippewa,high,Sunset Hills,9:32,1.3,true
140,"Harris, Schulist and Hartmann",Tohono O'Odham,high,Maple Grove,3:05,3.0,false
141,"Hintz, Kuhlman and Koepp",Alaskan Athabascan,medium,Hillcrest Heights,4:05,0.2,true
142,Deckow LLC,Chamorro,low,Maple Grove,12:57,1.1,false
143,Medhurst-Bode,Paraguayan,low,Riverbend,5:29,2.2,false
144,Schmeler-Cummerata,Pakistani,medium,Oakwood Estates,5:17,1.6,false
145,Trantow Inc,Mexican,medium,Maple Grove,18:28,4.4,true
146,Hintz Inc,Paraguayan,high,Meadowbrook,11:54,0.1,true
147,Goyette-Schaefer,Yaqui,medium,Maple Grove,23:24,3.2,false
148,Jacobson-Bahringer,Peruvian,low,Hillcrest Heights,20:17,2.4,false
149,"Collins, Cole and Kuhlman",American Indian and Alaska Native (AIAN),low,Cedar Ridge,8:16,2.6,true
150,"MacGyver, Wolf and Padberg",Yakama,high,Oakwood Estates,22:44,1.1,true
151,Adams-Effertz,Korean,medium,Cedar Ridge,6:42,4.9,true
152,Herzog Group,Laotian,low,Cedar Ridge,22:34,4.1,false
153,Schulist-Gottlieb,South American,low,Willow Creek,22:21,0.9,false
154,"Kling, DuBuque and Jacobi",Colombian,medium,Sunnydale,12:04,3.1,false
155,"Glover, Langworth and Rutherford",Navajo,medium,Hillcrest Heights,23:48,2.6,true
156,Bauch-Rice,Pakistani,high,Maple Grove,15:35,3.6,false
157,Cole and Sons,Japanese,low,Riverbend,20:45,3.4,true
158,Ryan-White,Alaska Native,medium,Meadowbrook,10:52,3.5,false
159,Graham-Hane,Chilean,low,Sunset Hills,13:54,3.0,false
160,Hauck-Ferry,Colombian,high,Maple Grove,19:34,0.9,false
161,Haag LLC,Pakistani,medium,Meadowbrook,19:49,0.4,false
162,"Rowe, Bogisich and Schuppe",Polynesian,medium,Sunnydale,23:47,0.5,true
163,Feeney Inc,Latin American Indian,low,Willow Creek,2:12,0.0,true
164,Doyle-Hermann,American Indian and Alaska Native (AIAN),high,Cedar Ridge,13:14,0.3,false
165,"Connelly, Homenick and Stehr",Seminole,low,Cedar Ridge,14:49,2.5,true
166,"West, Smitham and Rempel",Menominee,medium,Riverbend,6:31,2.0,true
167,Bednar and Sons,Puget Sound Salish,high,Willow Creek,22:47,5.0,false
168,Rippin and Sons,Pakistani,medium,Meadowbrook,21:41,3.9,true
169,Huel Inc,Ecuadorian,low,Riverbend,22:45,1.6,false
170,Braun-Hane,Cuban,medium,Maple Grove,3:36,2.7,true
171,Cronin Group,Shoshone,low,Maple Grove,13:15,4.3,true
172,"Funk, Wisoky and Pouros",Menominee,low,Cedar Ridge,11:48,2.9,true
173,Dickens-Kohler,Nicaraguan,high,Willow Creek,17:06,1.7,true
174,"Cormier, Ziemann and Lesch",Costa Rican,medium,Riverbend,6:30,1.5,false
175,Moen-Schmitt,Houma,low,Riverbend,14:52,0.9,false
176,Carter Group,Chickasaw,low,Meadowbrook,5:50,1.4,true
177,Lowe-MacGyver,Menominee,low,Maple Grove,17:36,2.2,true
178,"Schuster, Sporer and Reichert",Paraguayan,low,Riverbend,20:56,2.1,true
179,Witting Inc,Vietnamese,medium,Sunset Hills,9:06,3.8,true
180,Crona LLC,Delaware,low,Riverbend,22:23,4.9,true
181,Rowe and Sons,Cuban,low,Maple Grove,6:26,4.0,true
182,"Bernier, Kuhlman and Hermiston",Iroquois,low,Sunset Hills,6:06,4.0,true
183,Cruickshank Inc,Creek,high,Pine Ridge,3:29,1.8,true
184,"Ruecker, Rohan and Heaney",Indonesian,medium,Riverbend,14:09,0.1,true
185,Greenholt Inc,Colville,high,Oakwood Estates,0:26,3.3,false
186,Wolff-Bednar,Dominican (Dominican Republic),medium,Sunnydale,17:34,4.3,false
187,Satterfield-Hayes,Cuban,medium,Maple Grove,23:48,4.2,true
188,Windler-Lynch,Yakama,high,Willow Creek,6:09,0.1,true
189,Sipes LLC,Mexican,medium,Cedar Ridge,19:37,1.6,false
190,Terry-Ebert,Salvadoran,medium,Meadowbrook,2:19,2.7,true
191,McKenzie Inc,Japanese,low,Willow Creek,4:22,4.4,true
192,Leffler-Braun,Alaska Native,low,Riverbend,11:23,4.6,false
193,Turcotte-Herman,Salvadoran,high,Sunnydale,7:10,2.6,false
194,"Pollich, Kunde and Sipes",Cambodian,medium,Sunset Hills,7:27,1.8,true
195,Graham-Bechtelar,Taiwanese,high,Willow Creek,5:10,1.8,true
196,Klein-Heller,Tlingit-Haida,low,Meadowbrook,8:24,1.7,true
197,Okuneva and Sons,Tlingit-Haida,high,Maple Grove,10:54,3.0,false
198,Graham and Sons,Uruguayan,low,Sunnydale,20:43,2.4,true
199,"McLaughlin, Smitham and Murazik",Peruvian,medium,Hillcrest Heights,18:25,0.2,false
200,Schulist-Mertz,Panamanian,low,Willow Creek,20:05,3.8,false
201,Ankunding-Feil,Paraguayan,high,Meadowbrook,3:51,4.9,true
202,Prohaska Inc,Chamorro,high,Maple Grove,0:12,2.1,true
203,Spencer-Morar,Chickasaw,high,Willow Creek,3:05,2.5,true
204,Larson-Prohaska,Paiute,high,Pine Ridge,9:01,1.5,false
205,Macejkovic and Sons,Paraguayan,medium,Oakwood Estates,7:48,1.5,true
206,Stehr-Sauer,Native Hawaiian,medium,Oakwood Estates,0:01,1.9,true
207,Dickens-Purdy,Shoshone,high,Sunset Hills,4:52,0.4,false
208,"Schultz, Homenick and Reichert",Yakama,high,Sunset Hills,3:58,3.7,false
209,"Hoeger, Morar and Lindgren",Salvadoran,high,Meadowbrook,2:23,2.2,true
210,Medhurst-Orn,Yaqui,medium,Meadowbrook,12:35,3.1,true
211,Senger and Sons,Micronesian,high,Riverbend,10:35,0.0,true
212,Breitenberg-Goldner,Puget Sound Salish,high,Sunset Hills,4:53,0.4,false
213,"Ebert, Rice and Block",Iroquois,high,Meadowbrook,11:44,4.4,false
214,O'Conner-Larson,American Indian,medium,Riverbend,11:44,3.2,false
215,Orn Group,Blackfeet,medium,Maple Grove,12:43,0.6,false
216,Leuschke-Schuppe,Asian,medium,Cedar Ridge,3:21,2.3,true
217,"Grimes, Heidenreich and Schmitt",Peruvian,low,Maple Grove,7:04,3.1,false
218,"Terry, Krajcik and Borer",South American,low,Cedar Ridge,11:12,0.1,false
219,Harber Inc,Chickasaw,high,Cedar Ridge,18:24,4.1,true
220,"Hudson, Jaskolski and Runte",Uruguayan,medium,Cedar Ridge,20:37,2.6,false
221,"Stoltenberg, Brown and Huels",Vietnamese,high,Meadowbrook,1:24,0.5,false
222,Corkery-Kuhn,Sioux,medium,Riverbend,13:12,2.2,false
223,Durgan-Considine,Puerto Rican,low,Willow Creek,21:38,4.6,true
224,Schimmel-Jacobs,Venezuelan,high,Oakwood Estates,8:06,0.7,true
225,Parisian-Cassin,Spaniard,low,Willow Creek,9:29,2.5,false
226,Zboncak-Graham,Alaskan Athabascan,low,Cedar Ridge,7:03,4.1,true
227,Tremblay-Runolfsson,Paraguayan,low,Riverbend,4:45,0.4,true
228,DuBuque-Crooks,Uruguayan,high,Sunnydale,20:29,2.4,true
229,Larkin LLC,Chickasaw,medium,Riverbend,4:03,0.2,true
230,Hirthe Inc,Ute,low,Maple Grove,21:56,2.0,false
231,Hammes and Sons,Vietnamese,high,Cedar Ridge,4:57,2.9,false
232,Kemmer Inc,Tongan,high,Sunset Hills,16:35,2.5,true
233,Tromp-Cummerata,Blackfeet,low,Sunnydale,14:57,2.1,true
234,Hahn Inc,Asian,low,Willow Creek,20:19,2.5,true
235,Will-Medhurst,White,medium,Maple Grove,0:35,3.5,false
236,Jacobson Inc,Pueblo,low,Hillcrest Heights,20:04,1.4,false
237,Brekke-Lind,Malaysian,medium,Maple Grove,17:43,1.7,true
238,Weissnat-Emard,Colville,medium,Riverbend,8:46,2.6,true
239,"Emard, Jones and Champlin",White,medium,Oakwood Estates,12:32,4.4,true
240,"Crooks, McKenzie and Klein",Korean,medium,Cedar Ridge,14:12,2.2,false
241,"Hyatt, Schaden and Kuvalis",Houma,high,Maple Grove,1:11,2.6,true
242,Smitham LLC,Spaniard,high,Willow Creek,0:58,0.6,true
243,Haag Inc,Indonesian,low,Riverbend,22:57,4.9,true
244,Gutmann LLC,Yakama,low,Oakwood Estates,15:25,1.0,false
245,Kassulke-Goldner,Alaska Native,high,Willow Creek,21:56,0.1,true
246,"Altenwerth, Walsh and Kuhic",Houma,high,Oakwood Estates,9:12,2.3,false
247,"Williamson, Schumm and Leannon",Costa Rican,high,Riverbend,12:54,3.1,true
248,Kiehn-Bins,Colville,high,Pine Ridge,17:58,3.2,false
249,Boyer Group,Central American,medium,Maple Grove,2:45,3.2,true
250,Connelly-Shields,Sri Lankan,medium,Willow Creek,7:05,0.6,true
251,Schuster Group,American Indian,high,Sunnydale,23:22,4.2,false
252,Goldner Inc,Eskimo,medium,Hillcrest Heights,20:29,2.8,true
253,"Rogahn, Schroeder and Herzog",Pima,high,Sunset Hills,0:17,4.2,true
254,"Schneider, Muller and Roob",Chilean,low,Pine Ridge,12:54,1.3,false
255,Romaguera and Sons,Honduran,low,Riverbend,15:14,3.6,true
256,"Vandervort, Leffler and Quigley",Paiute,low,Sunset Hills,5:55,1.0,true
257,"Watsica, Medhurst and Kub",Ecuadorian,low,Sunset Hills,1:40,3.1,false
258,MacGyver-Johnston,Korean,high,Pine Ridge,14:15,1.0,false
259,"Jerde, Champlin and Nitzsche",Eskimo,high,Cedar Ridge,15:07,2.4,false
260,Gutmann and Sons,Yaqui,high,Sunset Hills,17:31,0.8,false
261,Powlowski-Gleichner,Chinese,low,Meadowbrook,13:50,4.7,true
262,Schowalter-Kunde,Chamorro,low,Maple Grove,2:10,1.1,true
263,Hudson-Ferry,Puerto Rican,high,Pine Ridge,16:01,1.3,true
264,Adams-Bogan,Potawatomi,low,Cedar Ridge,0:20,2.0,true
265,Lind Group,Pueblo,high,Hillcrest Heights,12:45,3.7,false
266,Dicki Inc,Spaniard,low,Pine Ridge,11:03,3.0,false
267,Morissette Inc,Fijian,medium,Meadowbrook,4:55,1.1,false
268,"Jakubowski, O'Keefe and Kub",Blackfeet,low,Hillcrest Heights,1:28,2.2,true
269,Rath Group,Argentinian,low,Oakwood Estates,19:36,0.8,true
270,Erdman-Wehner,Laotian,low,Oakwood Estates,15:49,3.3,false
271,Stoltenberg-Tromp,Indonesian,high,Meadowbrook,3:19,0.8,true
272,Wunsch-Anderson,Crow,high,Willow Creek,4:58,0.5,false
273,Jast-Goodwin,Costa Rican,low,Maple Grove,14:22,0.9,false
274,"Pfeffer, West and Larkin",Honduran,low,Pine Ridge,22:36,0.4,false
275,"Christiansen, Kulas and Hamill",Mexican,low,Sunset Hills,3:08,2.5,false
276,Hickle and Sons,Menominee,low,Oakwood Estates,16:06,0.5,false
277,Effertz-Brown,Apache,medium,Maple Grove,22:09,2.3,false
278,"Keeling, Daniel and O'Kon",Creek,high,Pine Ridge,1:09,3.6,false
279,Altenwerth Group,Pima,medium,Sunset Hills,9:33,0.4,false
280,Harvey LLC,Cree,medium,Maple Grove,20:47,4.3,false
281,"Simonis, Legros and Wiegand",Yuman,high,Willow Creek,18:47,2.2,true
282,"Thompson, Witting and Conn",Comanche,high,Pine Ridge,16:37,0.1,true
283,Kutch-Willms,Colville,high,Sunnydale,23:43,4.1,false
284,Lubowitz-Hauck,Panamanian,low,Riverbend,10:14,2.3,true
285,Doyle Group,Paiute,medium,Hillcrest Heights,5:29,0.1,true
286,"Cormier, Krajcik and Hammes",Navajo,high,Hillcrest Heights,12:02,3.8,true
287,Ward-White,Kiowa,high,Riverbend,12:04,3.9,false
288,Hintz Inc,Choctaw,medium,Pine Ridge,19:27,4.9,false
289,"Sporer, Bogisich and Cruickshank",Taiwanese,low,Pine Ridge,23:27,2.5,true
290,"Johns, Bruen and Beer",Uruguayan,high,Sunset Hills,2:29,1.4,true
291,"Reinger, Brekke and Harvey",Asian Indian,high,Sunnydale,6:50,2.9,true
292,Strosin-Will,Chamorro,low,Willow Creek,21:28,2.8,true
293,Waelchi-Steuber,Venezuelan,high,Pine Ridge,12:21,0.5,false
294,"Luettgen, Schiller and Keeling",Honduran,medium,Maple Grove,22:23,1.7,false
295,"Wiza, Fay and Kris",Nicaraguan,medium,Maple Grove,6:50,0.4,true
296,Lemke-Kub,Crow,high,Riverbend,8:35,4.5,true
297,"Weimann, Toy and Brakus",Seminole,medium,Hillcrest Heights,18:12,1.9,false
298,"Collier, Wuckert and Jakubowski",Hmong,medium,Hillcrest Heights,21:24,2.0,true
299,"Mills, Stamm and Wuckert",Venezuelan,high,Willow Creek,2:25,4.0,false
300,Smitham-Krajcik,Tongan,low,Sunset Hills,18:02,4.8,false
301,Wintheiser-Ward,Argentinian,low,Meadowbrook,9:14,3.8,false
302,Hirthe-Nikolaus,Puget Sound Salish,high,Cedar Ridge,19:32,4.1,false
303,Turcotte and Sons,Alaska Native,low,Oakwood Estates,15:16,0.6,false
304,Bauch LLC,Alaska Native,high,Cedar Ridge,5:29,0.5,false
305,Denesik Group,Samoan,medium,Oakwood Estates,12:23,2.5,true
306,Bailey Group,Pakistani,low,Willow Creek,2:16,4.6,false
307,Mohr Inc,Latin American Indian,high,Cedar Ridge,4:14,0.0,true
308,Kuhic and Sons,American Indian and Alaska Native (AIAN),high,Riverbend,15:43,4.2,false
309,Johnson LLC,Osage,high,Hillcrest Heights,10:01,2.7,true
310,Kunde-Feil,South American,high,Oakwood Estates,5:03,0.9,false
311,Daugherty-Daniel,Colville,medium,Pine Ridge,10:03,4.9,true
312,Kozey-Schaden,White,high,Meadowbrook,21:13,1.6,true
313,Auer-Little,Osage,high,Cedar Ridge,20:56,1.4,false
314,"Shanahan, Bins and Luettgen",American Indian and Alaska Native (AIAN),low,Oakwood Estates,21:23,0.5,false
315,"Lakin, Bruen and Kassulke",Cherokee,high,Sunset Hills,13:51,3.2,true
316,Littel-VonRueden,American Indian and Alaska Native (AIAN),high,Maple Grove,2:00,4.4,false
317,"Hayes, Hilpert and Sipes",Guatemalan,high,Sunnydale,16:43,2.7,false
318,Hartmann-Bergnaum,Tongan,low,Sunset Hills,5:29,3.3,true
319,Doyle-Sipes,Pima,medium,Sunset Hills,19:29,4.3,true
320,"Spencer, Ebert and Strosin",Yaqui,medium,Riverbend,16:40,1.9,true
321,Fadel Group,Chilean,medium,Oakwood Estates,11:30,1.5,true
322,Gibson Inc,Vietnamese,high,Sunset Hills,9:44,0.2,true
323,Cremin Group,Vietnamese,low,Hillcrest Heights,19:46,0.4,true
324,Sporer-Wilderman,Chinese,high,Riverbend,22:32,3.4,false
325,"Cronin, McKenzie and Shields",Colombian,medium,Sunnydale,13:50,1.1,false
326,Blick and Sons,Asian,high,Oakwood Estates,1:11,2.6,false
327,Rempel-MacGyver,Seminole,low,Oakwood Estates,2:01,2.7,true
328,Effertz LLC,Malaysian,medium,Sunset Hills,4:29,1.9,true
329,"Leannon, Hoeger and Mann",Puget Sound Salish,medium,Oakwood Estates,0:50,1.2,false
330,"Runte, Hahn and Osinski",Mexican,low,Hillcrest Heights,7:55,3.4,true
331,"Nolan, Herman and Corwin",Eskimo,high,Cedar Ridge,3:18,2.6,false
332,O'Keefe-Dach,Costa Rican,low,Cedar Ridge,19:16,3.1,true
333,"Kuhn, Renner and Jenkins",Chickasaw,high,Sunnydale,13:25,0.1,true
334,"Waters, Robel and Kilback",Tongan,low,Maple Grove,0:02,3.7,true
335,Prohaska-McGlynn,Seminole,low,Pine Ridge,7:34,2.0,true
336,"Bashirian, Ratke and Kilback",Native Hawaiian and Other Pacific Islander (NHPI),low,Pine Ridge,20:29,1.7,true
337,Beatty Group,Thai,low,Sunnydale,18:42,0.5,true
338,Bartell LLC,Delaware,low,Maple Grove,23:25,1.4,true
339,"Schuppe, Durgan and Kunze",Cheyenne,high,Sunnydale,2:39,0.6,true
340,"Franecki, Daugherty and Ernser",Bolivian,high,Riverbend,4:31,2.4,false
341,Haag-Corwin,Central American,medium,Meadowbrook,5:29,0.0,true
342,Hartmann Group,Fijian,high,Sunset Hills,8:19,0.0,false
343,Mayer-Krajcik,Chilean,medium,Willow Creek,2:14,3.9,false
344,"Boyer, Schmeler and Strosin",Houma,medium,Riverbend,7:48,3.2,true
345,"Nolan, Ebert and Hirthe",Polynesian,medium,Riverbend,22:18,2.3,false
346,Gorczany and Sons,Paraguayan,medium,Hillcrest Heights,14:09,4.7,false
347,Smith-Jacobson,Paraguayan,medium,Riverbend,14:52,0.8,false
348,Sporer-Doyle,Potawatomi,medium,Oakwood Estates,1:53,0.7,true
349,Turner and Sons,Asian,high,Pine Ridge,20:50,2.5,false
350,Runte LLC,White,medium,Maple Grove,1:36,0.5,false
351,Reinger-Homenick,Venezuelan,high,Sunnydale,14:14,2.6,false
352,Reilly-Rippin,Chinese,medium,Meadowbrook,12:31,3.9,true
353,Macejkovic-O'Reilly,Ottawa,low,Maple Grove,20:52,0.6,false
354,Donnelly Inc,Comanche,low,Oakwood Estates,21:17,2.6,false
355,Braun LLC,Chamorro,low,Sunnydale,18:30,2.1,true
356,Kuhlman Group,Fijian,low,Hillcrest Heights,18:49,3.8,true
357,Goldner and Sons,Puget Sound Salish,low,Sunset Hills,5:17,4.3,false
358,"Orn, Thompson and Satterfield",Alaska Native,medium,Willow Creek,9:56,3.1,true
359,Rogahn-Schroeder,Kiowa,low,Meadowbrook,10:49,2.9,false
360,Mueller-Hintz,South American,medium,Oakwood Estates,19:54,0.1,true
361,Pfannerstill Group,Nicaraguan,medium,Pine Ridge,21:58,4.9,true
362,Tromp-Kunze,Venezuelan,low,Cedar Ridge,16:22,3.7,true
363,"Kuvalis, Leffler and Hauck",Nicaraguan,medium,Pine Ridge,0:29,3.9,false
364,Carroll and Sons,Uruguayan,medium,Meadowbrook,23:16,2.1,false
365,"Windler, Feest and Rowe",Tlingit-Haida,low,Meadowbrook,23:00,3.4,true
366,Brakus LLC,South American,medium,Sunnydale,11:51,0.9,true
367,McClure Group,Seminole,high,Cedar Ridge,3:06,3.3,false
368,Tillman-Waelchi,Cherokee,high,Sunset Hills,2:25,0.8,false
369,"Abshire, Block and Bogisich",Chilean,high,Maple Grove,3:34,3.4,false
370,Volkman LLC,White,medium,Willow Creek,6:51,2.6,true
371,"Boyle, Daniel and Spencer",Asian,medium,Pine Ridge,12:41,1.7,false
372,Willms LLC,Samoan,low,Oakwood Estates,20:07,4.1,true
373,"Wuckert, Lubowitz and Kulas",Colville,low,Pine Ridge,10:16,5.0,true
374,Hilll-Quigley,Bangladeshi,high,Sunset Hills,3:21,2.4,false
375,"Botsford, Emard and Lebsack",Asian Indian,low,Pine Ridge,3:32,2.0,false
376,Kilback-Little,Cuban,medium,Meadowbrook,9:36,4.1,true
377,Hegmann-Heidenreich,Samoan,medium,Meadowbrook,10:21,0.3,false
378,"Lockman, Hilll and McClure",Cambodian,low,Meadowbrook,22:53,3.0,false
379,"Collier, Morissette and Spinka",Melanesian,medium,Sunset Hills,2:49,0.1,false
380,O'Conner-Auer,Tongan,high,Hillcrest Heights,11:03,4.6,true
381,Stamm-Effertz,Spaniard,low,Maple Grove,21:28,1.2,true
382,"Barrows, Wiegand and Kessler",Mexican,low,Willow Creek,10:05,2.9,true
383,Pacocha-Ratke,Tohono O'Odham,high,Cedar Ridge,23:45,1.6,true
384,Swaniawski-Gulgowski,Cuban,low,Cedar Ridge,9:41,0.3,false
385,Johnston-Champlin,Kiowa,medium,Hillcrest Heights,22:02,4.4,false
386,"Lang, Macejkovic and Block",Panamanian,medium,Riverbend,6:56,1.2,false
387,Schuppe-Bins,Menominee,low,Meadowbrook,13:35,4.3,false
388,"Boyer, Rogahn and Schmitt",Shoshone,low,Cedar Ridge,22:02,2.8,true
389,"Lueilwitz, Moore and Schaden",Sri Lankan,high,Meadowbrook,16:42,1.7,true
390,Blanda and Sons,Lumbee,high,Pine Ridge,23:45,1.9,false
391,DuBuque and Sons,Creek,medium,Oakwood Estates,14:57,5.0,false
392,"Brekke, Witting and Jerde",Colville,medium,Willow Creek,10:45,4.6,false
393,Grant LLC,Navajo,medium,Oakwood Estates,1:11,1.6,true
394,McLaughlin-Blanda,Melanesian,medium,Sunnydale,10:22,0.8,false
395,Von-Homenick,Lumbee,low,Hillcrest Heights,3:16,3.7,false
396,"Mitchell, Lind and Koss",Tongan,low,Oakwood Estates,3:23,2.7,false
397,"Hessel, O'Keefe and Schmitt",Pueblo,medium,Willow Creek,4:40,5.0,true
398,"Ryan, Torphy and Zieme",Hmong,medium,Sunset Hills,13:03,4.1,false
399,Schneider-Terry,Chickasaw,low,Meadowbrook,5:20,1.4,false
400,Osinski-Becker,Yaqui,low,Sunset Hills,2:46,2.1,false
401,Murray LLC,Chamorro,low,Sunnydale,9:02,1.1,false
402,"Durgan, Predovic and Trantow",Central American,high,Pine Ridge,5:30,3.7,false
403,"Koch, Sanford and Marvin",Guatemalan,medium,Hillcrest Heights,14:34,0.3,true
404,Schuster-Lakin,Asian Indian,low,Sunset Hills,12:16,2.5,false
405,"Erdman, Beatty and Vandervort",Pima,low,Willow Creek,0:42,1.2,false
406,Quitzon-Nader,Crow,high,Hillcrest Heights,16:46,2.4,false
407,Cremin-Conn,Salvadoran,high,Riverbend,13:00,0.5,false
408,Stoltenberg and Sons,American Indian and Alaska Native (AIAN),low,Sunset Hills,12:44,3.9,true
409,Upton Inc,Pakistani,low,Oakwood Estates,3:37,2.7,true
410,"Ziemann, Quigley and Torp",Korean,low,Maple Grove,8:19,3.5,true
411,"Upton, Orn and Vandervort",Ottawa,medium,Riverbend,20:48,0.7,false
412,Wilderman Group,Central American,high,Hillcrest Heights,3:07,2.7,false
413,Hettinger-Kertzmann,Crow,medium,Maple Grove,13:07,2.6,false
414,"Spencer, Runolfsson and Lockman",Tohono O'Odham,medium,Willow Creek,2:58,0.4,true
415,Braun-Kihn,Native Hawaiian,low,Sunnydale,1:34,1.9,false
416,Schuppe Group,Ottawa,medium,Willow Creek,21:01,0.6,true
417,Kerluke-Marvin,Native Hawaiian,medium,Oakwood Estates,10:19,3.6,true
418,Carroll-Schamberger,Asian Indian,medium,Maple Grove,14:54,0.1,true
419,Hills LLC,Tohono O'Odham,high,Hillcrest Heights,10:38,0.6,true
420,Gorczany-Daniel,Ecuadorian,medium,Cedar Ridge,10:14,2.5,false
421,Mitchell Group,Yuman,medium,Willow Creek,11:01,3.7,true
422,Pagac-Harris,Chippewa,medium,Hillcrest Heights,10:46,1.7,true
423,Gulgowski and Sons,Paraguayan,high,Willow Creek,10:52,1.9,true
424,"Kuvalis, Conroy and Hackett",Alaskan Athabascan,high,Oakwood Estates,18:02,2.8,true
425,Wiza LLC,Comanche,low,Sunnydale,10:59,2.2,true
426,Collins-Metz,Sri Lankan,low,Oakwood Estates,9:14,4.5,true
427,Wehner and Sons,Cambodian,high,Willow Creek,15:43,4.3,true
428,Okuneva-Yundt,Guamanian,medium,Hillcrest Heights,16:50,1.2,true
429,"Tromp, Armstrong and Rohan",Chilean,high,Sunset Hills,2:48,3.9,true
430,Fadel-Bogisich,Cherokee,low,Willow Creek,6:07,2.5,false
431,"Emard, Koch and Erdman",Samoan,high,Pine Ridge,8:11,1.3,false
432,Gerhold and Sons,South American,medium,Maple Grove,2:29,4.8,true
433,Stiedemann Inc,Bangladeshi,medium,Maple Grove,5:07,1.0,false
434,Bernhard Inc,Korean,medium,Sunset Hills,15:43,1.7,true
435,"Brakus, Anderson and Graham",Spaniard,low,Sunnydale,15:23,4.6,true
436,"Ondricka, Hilll and Smitham",Seminole,high,Meadowbrook,23:21,3.5,false
437,"Wilkinson, Flatley and Tremblay",Bangladeshi,high,Sunnydale,9:23,0.0,true
438,"Bednar, Jacobi and Ankunding",Black or African American,medium,Sunset Hills,5:24,1.0,true
439,Quigley-Altenwerth,Latin American Indian,medium,Meadowbrook,13:08,2.2,false
440,Roob-Schuster,Alaskan Athabascan,medium,Hillcrest Heights,20:53,4.4,true
441,"Hilpert, Auer and Schmidt",Blackfeet,high,Cedar Ridge,1:35,3.8,false
442,"Mohr, O'Hara and Mraz",Colombian,low,Riverbend,8:02,4.9,false
443,Considine-Sanford,Iroquois,high,Willow Creek,3:53,3.8,true
444,"Gottlieb, Brown and Rohan",Korean,low,Riverbend,4:57,0.5,false
445,Koss-Bernhard,Polynesian,medium,Pine Ridge,16:57,3.7,false
446,"Veum, Corkery and Kemmer",Apache,low,Oakwood Estates,23:15,2.1,false
447,"Effertz, Pagac and Fay",South American,high,Pine Ridge,3:37,0.1,true
448,Macejkovic and Sons,Uruguayan,high,Maple Grove,23:48,3.4,false
449,Kerluke Group,Seminole,high,Riverbend,4:28,1.3,false
450,"Luettgen, Watsica and Collins",Cherokee,high,Willow Creek,19:00,2.6,true
451,Koss Group,Houma,high,Maple Grove,9:32,1.6,false
452,Davis LLC,Chippewa,medium,Hillcrest Heights,5:06,1.5,true
453,"Emard, Herzog and Strosin",Yuman,medium,Oakwood Estates,6:41,1.7,true
454,Fisher-Haag,Alaska Native,low,Maple Grove,21:50,4.0,true
455,West-Reichert,Mexican,medium,Maple Grove,5:08,0.1,true
456,Nader-Grimes,Guamanian,medium,Meadowbrook,15:12,3.1,true
457,Hoppe Inc,Micronesian,low,Cedar Ridge,3:54,3.6,false
458,"Schneider, Borer and Pacocha",Navajo,high,Cedar Ridge,13:10,2.0,true
459,Kiehn-Haley,Latin American Indian,high,Cedar Ridge,1:47,4.0,true
460,"Adams, Bogisich and Christiansen",Osage,medium,Riverbend,2:18,1.1,true
461,Monahan-Lubowitz,Laotian,low,Hillcrest Heights,2:28,1.5,false
462,Schowalter and Sons,Puerto Rican,high,Hillcrest Heights,8:37,2.1,false
463,"Barton, Moore and Witting",Paraguayan,low,Sunset Hills,10:44,3.3,true
464,"Moen, Wisoky and Dach",Blackfeet,high,Willow Creek,14:53,4.3,true
465,"Hagenes, Parker and Ankunding",Yuman,medium,Riverbend,3:55,1.8,true
466,"Grady, McDermott and Price",Alaska Native,low,Oakwood Estates,13:47,1.0,true
467,Kulas-Trantow,South American,high,Willow Creek,20:26,4.8,false
468,Robel Inc,Eskimo,high,Sunset Hills,12:34,4.2,true
469,"Funk, Mitchell and Kreiger",Laotian,low,Riverbend,17:06,1.1,false
470,Farrell and Sons,Thai,high,Riverbend,6:50,3.3,false
471,Fay Inc,Alaskan Athabascan,medium,Sunset Hills,15:34,2.3,true
472,Bashirian and Sons,Filipino,high,Meadowbrook,4:19,2.9,true
473,Prohaska Group,Melanesian,low,Willow Creek,15:03,3.7,true
474,"O'Kon, Wolff and Kihn",Pima,low,Hillcrest Heights,6:13,4.7,true
475,Hessel-Bechtelar,Pakistani,high,Willow Creek,0:50,2.0,false
476,"O'Kon, Rohan and Cartwright",Paiute,low,Cedar Ridge,20:12,3.8,false
477,"Mohr, Hackett and Carroll",Latin American Indian,medium,Pine Ridge,22:12,2.9,true
478,Bergnaum-Bailey,Sioux,medium,Pine Ridge,9:17,2.9,false
479,"Boehm, Thiel and Kirlin",Shoshone,medium,Sunset Hills,12:53,3.6,false
480,O'Conner Group,Puerto Rican,high,Willow Creek,21:46,3.0,false
481,Jenkins Inc,Menominee,high,Hillcrest Heights,2:33,4.4,true
482,Bergnaum-Shields,White,low,Pine Ridge,13:12,1.5,false
483,Ferry-Altenwerth,Yakama,high,Sunnydale,6:05,1.1,false
484,Runte Inc,South American,medium,Pine Ridge,6:16,3.9,true
485,Collier-Schumm,Puerto Rican,medium,Sunnydale,1:01,1.9,true
486,Hackett and Sons,Venezuelan,high,Sunset Hills,20:16,2.0,false
487,Flatley-Stanton,Hmong,low,Willow Creek,20:31,0.3,false
488,Jones and Sons,Kiowa,medium,Willow Creek,22:02,1.4,false
489,Becker-Mills,Yakama,medium,Maple Grove,17:38,4.4,true
490,"Olson, Gerlach and Hodkiewicz",Laotian,low,Meadowbrook,19:51,4.5,false
491,"Monahan, Stamm and Hilll",Chinese,low,Willow Creek,3:28,0.8,true
492,Kohler-Wilderman,Bangladeshi,medium,Cedar Ridge,19:47,2.8,false
493,"Rowe, Jenkins and Lowe",Salvadoran,high,Sunnydale,1:22,1.1,true
494,Rice-Wiza,Kiowa,low,Hillcrest Heights,11:14,5.0,false
495,"Schultz, Lynch and Ratke",Korean,high,Cedar Ridge,17:18,2.0,false
496,Schoen and Sons,Laotian,low,Maple Grove,10:25,3.2,true
497,"Casper, Casper and Bergstrom",Navajo,medium,Willow Creek,23:56,2.6,false
498,Breitenberg Group,Chinese,medium,Sunset Hills,13:14,0.5,false
499,Rohan LLC,Bolivian,high,Willow Creek,15:40,2.2,false
500,"Renner, Baumbach and Cole",Paiute,medium,Cedar Ridge,18:22,2.4,false
501,Larkin-Yost,Melanesian,low,Maple Grove,18:48,0.6,false
502,Olson Inc,Laotian,medium,Hillcrest Heights,5:52,0.4,true
503,Rodriguez-Nicolas,Samoan,medium,Maple Grove,0:13,0.5,true
504,Wisoky-Roob,Bolivian,high,Sunset Hills,6:51,1.2,false
505,O'Keefe-Hand,Mexican,medium,Riverbend,12:47,0.8,false
506,Kulas-Nienow,Asian Indian,high,Maple Grove,15:42,1.2,true
507,Mraz Inc,Pueblo,low,Meadowbrook,15:39,1.5,false
508,DuBuque Inc,Houma,high,Hillcrest Heights,22:21,0.9,false
509,"Rutherford, Konopelski and Kassulke",Cuban,low,Oakwood Estates,4:16,1.3,false
510,Brown-Becker,Indonesian,medium,Riverbend,14:27,4.5,false
511,Prosacco-Russel,Chickasaw,high,Willow Creek,1:42,1.1,false
512,"Ernser, Harber and Stiedemann",Taiwanese,high,Cedar Ridge,16:50,2.5,true
513,Rempel and Sons,Hmong,medium,Oakwood Estates,15:28,4.1,true
514,"Padberg, Bergnaum and Predovic",Kiowa,high,Willow Creek,22:12,0.6,false
515,"Kuvalis, Anderson and Hansen",Paraguayan,high,Meadowbrook,11:15,2.0,false
516,Kohler LLC,Guamanian,low,Maple Grove,16:24,3.0,true
517,Muller-Bahringer,Houma,medium,Riverbend,22:27,2.2,true
518,Koch-Spinka,Korean,high,Willow Creek,7:26,4.9,false
519,"Bahringer, Spinka and Gerlach",Asian,low,Pine Ridge,22:23,1.2,true
520,"Huels, Cassin and Hamill",Venezuelan,medium,Cedar Ridge,22:56,3.0,true
521,Muller-Lubowitz,Samoan,medium,Riverbend,4:45,3.1,true
522,"Corwin, Lebsack and Will",Pakistani,high,Pine Ridge,11:01,0.2,false
523,Bailey LLC,Sioux,medium,Sunnydale,22:35,4.4,true
524,"Moore, Kutch and Torphy",Paraguayan,medium,Riverbend,19:45,3.0,false
525,Flatley and Sons,Black or African American,medium,Cedar Ridge,14:12,1.2,true
526,Sauer-Tillman,Mexican,low,Riverbend,20:38,2.8,false
527,"Simonis, Champlin and Predovic",Native Hawaiian and Other Pacific Islander (NHPI),low,Pine Ridge,11:20,4.9,true
528,Walsh Group,Apache,high,Riverbend,9:57,2.6,true
529,Haag and Sons,Fijian,medium,Pine Ridge,6:32,2.9,false
530,Gleichner-Ziemann,Potawatomi,medium,Pine Ridge,19:50,2.6,false
531,Gutmann and Sons,Creek,high,Riverbend,19:45,0.8,true
532,"Thompson, Orn and Mills",Ute,medium,Meadowbrook,0:25,1.9,true
533,"Jacobs, Becker and Larkin",Yuman,high,Maple Grove,9:19,4.1,true
534,Hickle LLC,Native Hawaiian and Other Pacific Islander (NHPI),low,Sunset Hills,12:22,2.6,true
535,Walker Group,Nicaraguan,medium,Sunnydale,19:10,3.3,true
536,Swift Inc,Pakistani,low,Sunset Hills,18:28,0.3,false
537,Lockman LLC,Iroquois,medium,Maple Grove,12:01,5.0,true
538,Ankunding-Goyette,Osage,high,Oakwood Estates,7:49,1.3,false
539,Stokes Group,Costa Rican,low,Oakwood Estates,19:08,2.6,false
540,"Prohaska, Bernhard and Spencer",Pakistani,low,Willow Creek,5:35,3.8,true
541,Gislason-Roob,Aleut,medium,Pine Ridge,17:15,4.8,false
542,Bechtelar and Sons,American Indian and Alaska Native (AIAN),low,Maple Grove,7:01,3.2,false
543,"Schmidt, Christiansen and Upton",Black or African American,medium,Meadowbrook,9:42,0.3,true
544,"Brown, Boyle and Schamberger",Malaysian,high,Pine Ridge,16:55,4.6,false
545,"Romaguera, Greenholt and Waters",Puerto Rican,medium,Sunnydale,22:47,4.7,false
546,"Conn, Pagac and Gislason",American Indian and Alaska Native (AIAN),high,Cedar Ridge,2:44,2.4,false
547,"Morar, Powlowski and Schiller",Blackfeet,medium,Oakwood Estates,5:02,4.0,true
548,Wisozk Inc,Puget Sound Salish,high,Pine Ridge,3:37,0.2,false
549,Schiller-Rolfson,Pueblo,high,Sunnydale,1:29,1.1,false
550,"Gusikowski, Rutherford and Bailey",Korean,medium,Hillcrest Heights,14:47,1.2,true
551,"Veum, Beer and Cummerata",Native Hawaiian,low,Riverbend,6:24,3.7,true
552,Sporer-Gerlach,Sioux,medium,Riverbend,18:20,3.8,true
553,Reynolds LLC,Uruguayan,low,Maple Grove,20:36,1.3,true
554,Stehr-Littel,Vietnamese,low,Riverbend,22:06,3.2,false
555,Kunde LLC,Native Hawaiian and Other Pacific Islander (NHPI),medium,Oakwood Estates,15:27,0.8,false
556,"Zulauf, O'Reilly and Bahringer",Houma,low,Meadowbrook,11:13,2.9,true
557,Grant-Wehner,Laotian,high,Pine Ridge,19:34,2.7,false
558,Monahan and Sons,Navajo,high,Pine Ridge,1:55,3.6,true
559,Kuhic Inc,Guatemalan,high,Sunnydale,6:04,1.6,true
560,"Bayer, Mohr and Cronin",White,medium,Riverbend,14:16,0.7,true
561,Waelchi LLC,Apache,medium,Sunset Hills,3:22,1.1,false
562,"Little, Lind and Dickens",Tongan,medium,Riverbend,11:45,1.1,true
563,Hickle Group,Guamanian,high,Maple Grove,8:13,2.1,false
564,Pagac Inc,Thai,medium,Oakwood Estates,14:43,2.6,true
565,Schultz LLC,Asian Indian,medium,Riverbend,23:35,2.2,false
566,Champlin-Nienow,Micronesian,medium,Maple Grove,18:45,3.8,true
567,Ernser-Corwin,Bangladeshi,high,Oakwood Estates,3:58,0.6,true
568,VonRueden-Predovic,Bangladeshi,medium,Maple Grove,7:39,0.8,false
569,"Little, Nikolaus and Lang",American Indian and Alaska Native (AIAN),high,Sunnydale,10:02,0.5,true
570,Lubowitz-Cummings,Cheyenne,medium,Maple Grove,12:40,4.7,false
571,O'Reilly-McLaughlin,Osage,low,Riverbend,19:32,0.5,true
572,Kuhn and Sons,Kiowa,medium,Hillcrest Heights,0:02,4.6,true
573,Cruickshank and Sons,Ute,medium,Maple Grove,11:48,1.5,true
574,Stamm Group,Chippewa,low,Maple Grove,19:36,3.8,true
575,Goyette-Cummings,Sri Lankan,low,Willow Creek,14:31,0.5,false
576,Ritchie-Carter,Lumbee,high,Sunset Hills,6:01,1.1,true
577,"Langworth, Nicolas and Rempel",Cuban,high,Meadowbrook,14:23,4.0,true
578,Wisozk LLC,Black or African American,medium,Riverbend,5:53,1.0,false
579,Romaguera LLC,Bangladeshi,high,Hillcrest Heights,14:50,2.5,false
580,"Muller, Fadel and Ortiz",Alaska Native,low,Cedar Ridge,5:42,0.4,false
581,Johnson LLC,Yuman,medium,Sunset Hills,3:25,3.4,false
582,"Collier, Goldner and Durgan",Tongan,low,Hillcrest Heights,9:55,1.0,true
583,"Sawayn, Greenfelder and Boyer",Guatemalan,medium,Sunnydale,13:18,4.4,true
584,Lesch Group,Japanese,high,Cedar Ridge,21:27,2.8,true
585,Flatley-Effertz,Native Hawaiian and Other Pacific Islander (NHPI),medium,Maple Grove,5:44,3.5,true
586,Kling and Sons,Chickasaw,medium,Meadowbrook,1:17,2.2,true
587,Farrell-Davis,Japanese,low,Hillcrest Heights,23:13,1.9,false
588,Bradtke-Hudson,Cuban,medium,Maple Grove,4:22,2.8,false
589,Pfannerstill-Oberbrunner,Chilean,high,Cedar Ridge,7:22,1.3,false
590,"Abbott, Beatty and Fritsch",Mexican,medium,Sunset Hills,0:37,2.5,false
591,"Weimann, Pfannerstill and Gislason",Vietnamese,high,Sunset Hills,20:25,2.0,true
592,"Hodkiewicz, Predovic and Ziemann",Chilean,medium,Maple Grove,7:30,0.0,false
593,"Fay, Fahey and Bruen",Potawatomi,high,Maple Grove,15:44,2.1,true
594,"Jast, Rolfson and Robel",Polynesian,high,Pine Ridge,12:40,2.7,false
595,"Abshire, Davis and Tillman",Apache,medium,Meadowbrook,5:08,0.4,true
596,Larson-Murray,Cheyenne,high,Riverbend,10:44,0.2,false
597,"Lehner, Schimmel and Murazik",Pakistani,high,Willow Creek,8:24,2.1,true
598,Lubowitz LLC,Honduran,high,Hillcrest Heights,1:16,1.1,true
599,Sanford Inc,Micronesian,medium,Hillcrest Heights,4:01,4.7,true
600,Nikolaus-Roob,South American,medium,Hillcrest Heights,5:21,0.2,true
601,Becker LLC,Laotian,low,Oakwood Estates,14:18,0.6,false
602,Haley Inc,Blackfeet,low,Sunset Hills,10:41,0.3,true
603,"Dooley, Rath and Donnelly",Taiwanese,high,Pine Ridge,8:35,0.2,false
604,"Pagac, Stroman and Jones",Melanesian,medium,Cedar Ridge,19:34,3.2,false
605,Funk and Sons,Choctaw,medium,Willow Creek,3:35,3.4,true
606,Tremblay LLC,Thai,medium,Willow Creek,10:11,2.6,true
607,Spinka Inc,Ute,medium,Sunset Hills,10:02,3.0,false
608,Nolan LLC,Costa Rican,high,Maple Grove,22:42,2.8,true
609,"Lynch, Yost and Fisher",Guatemalan,medium,Willow Creek,11:14,0.8,false
610,Hayes LLC,Pakistani,medium,Cedar Ridge,9:40,1.1,false
611,Jacobson Inc,Micronesian,high,Pine Ridge,10:05,2.7,false
612,"Lubowitz, Ratke and DuBuque",Paraguayan,high,Maple Grove,23:01,1.4,false
613,Auer-Bradtke,Pakistani,low,Cedar Ridge,15:03,0.0,false
614,"Willms, Thompson and Johnson",Venezuelan,low,Sunset Hills,18:20,2.8,false
615,Nitzsche-Boyle,Alaska Native,medium,Oakwood Estates,4:34,2.2,false
616,Lindgren-Keebler,White,high,Hillcrest Heights,8:22,0.5,true
617,Zboncak and Sons,Black or African American,high,Maple Grove,18:47,3.0,false
618,Parker-Leannon,Yakama,low,Hillcrest Heights,20:11,3.3,true
619,"Schmeler, Kris and Pfannerstill",Chilean,high,Maple Grove,11:35,0.2,true
620,"Moore, Roberts and Cruickshank",Malaysian,low,Pine Ridge,23:56,4.6,false
621,Feeney-Ziemann,Chilean,medium,Hillcrest Heights,4:57,4.2,false
622,"Crist, Emmerich and Dibbert",Houma,high,Meadowbrook,0:39,2.3,false
623,Prohaska-Botsford,Asian,low,Hillcrest Heights,8:32,3.2,false
624,Gottlieb-Beier,Mexican,low,Oakwood Estates,2:54,1.9,false
625,Graham-Lueilwitz,Polynesian,high,Hillcrest Heights,7:53,2.8,false
626,"Connelly, Dach and Johnson",Native Hawaiian and Other Pacific Islander (NHPI),medium,Maple Grove,14:50,0.1,false
627,Erdman-Schuster,Crow,low,Willow Creek,11:13,1.9,true
628,Towne-Hand,Cherokee,medium,Pine Ridge,11:14,4.0,true
629,"Pfeffer, Welch and Macejkovic",Puerto Rican,high,Riverbend,12:19,3.1,true
630,Crooks Group,Uruguayan,low,Riverbend,4:27,3.5,false
631,Cormier LLC,Uruguayan,medium,Willow Creek,22:46,1.7,false
632,Kutch-Rath,Japanese,medium,Pine Ridge,22:57,4.7,false
633,Moore LLC,Puget Sound Salish,low,Cedar Ridge,16:50,0.0,false
634,Koss-Schoen,Taiwanese,low,Meadowbrook,3:55,1.8,true
635,Kub Inc,Native Hawaiian,medium,Willow Creek,7:19,3.8,false
636,"Wuckert, Stamm and Leffler",Pueblo,high,Sunnydale,2:30,4.2,true
637,Koelpin LLC,Vietnamese,medium,Riverbend,7:18,0.8,false
638,Runte-Murphy,Guamanian,low,Cedar Ridge,5:49,2.0,false
639,Olson and Sons,Chickasaw,high,Hillcrest Heights,9:56,1.5,false
640,"Ruecker, Koss and Reilly",Alaska Native,medium,Pine Ridge,6:50,0.7,true
641,Brekke LLC,Iroquois,low,Oakwood Estates,4:07,0.9,false
642,Kulas Inc,Ottawa,medium,Cedar Ridge,2:29,2.3,true
643,Roberts Group,Asian,medium,Willow Creek,5:09,2.8,false
644,Hyatt-Abernathy,Native Hawaiian,medium,Riverbend,8:37,1.5,false
645,Kilback Group,Indonesian,high,Sunset Hills,7:54,1.0,true
646,Pagac Inc,Eskimo,high,Hillcrest Heights,21:13,2.6,false
647,Pagac-Fisher,Paiute,low,Willow Creek,6:04,4.9,true
648,Koelpin-Bernhard,Tlingit-Haida,low,Meadowbrook,13:57,1.5,false
649,"Schmeler, Olson and Skiles",Chippewa,high,Sunset Hills,19:06,2.5,true
650,Rau Group,Navajo,low,Sunset Hills,5:18,0.8,true
651,Balistreri-Marvin,Peruvian,medium,Cedar Ridge,18:20,1.6,true
652,Schmidt-Cormier,Paiute,medium,Riverbend,23:53,2.1,false
653,Wilderman Inc,Venezuelan,low,Oakwood Estates,3:30,3.9,false
654,Volkman Group,Spaniard,low,Sunnydale,21:59,2.6,true
655,"Dibbert, Batz and Vandervort",Spaniard,high,Cedar Ridge,5:25,1.9,true
656,Quigley Inc,Spaniard,low,Willow Creek,1:57,3.1,false
657,"Lynch, O'Connell and Jacobson",Laotian,low,Willow Creek,3:41,1.8,false
658,"Crooks, Schulist and Bergnaum",Honduran,high,Maple Grove,23:21,1.1,true
659,Little-Stroman,Chippewa,low,Sunset Hills,7:52,4.3,false
660,Kulas LLC,Comanche,high,Riverbend,9:00,3.7,true
661,Schuppe LLC,Indonesian,high,Pine Ridge,14:52,3.7,true
662,Hirthe-Cronin,Blackfeet,high,Oakwood Estates,11:41,5.0,false
663,D'Amore Inc,Korean,low,Cedar Ridge,1:40,4.8,false
664,"Sporer, Labadie and Reynolds",Cheyenne,high,Oakwood Estates,19:36,1.2,false
665,Schiller and Sons,Yuman,low,Willow Creek,0:02,1.9,false
666,"Lueilwitz, Moore and Volkman",Colombian,high,Pine Ridge,3:08,0.9,false
667,Fisher LLC,Creek,medium,Meadowbrook,21:55,2.2,false
668,"Cummings, Davis and Hills",Hmong,low,Hillcrest Heights,5:10,3.1,false
669,Kassulke LLC,Bolivian,medium,Pine Ridge,14:16,2.8,false
670,"Gislason, Stanton and Herman",Cuban,low,Maple Grove,18:52,3.2,false
671,Bernier-Schuster,Asian Indian,medium,Willow Creek,13:33,3.3,true
672,Stehr Inc,Pakistani,high,Cedar Ridge,11:28,2.7,true
673,"Hegmann, Koch and Kunde",Central American,medium,Maple Grove,3:03,0.3,true
674,Wolf Group,Thai,high,Sunnydale,19:07,0.3,true
675,"Rau, Walker and Yost",Panamanian,medium,Sunset Hills,12:00,3.7,true
676,Brakus-Hane,Cree,low,Cedar Ridge,20:12,3.7,false
677,Hansen-Schmitt,Lumbee,high,Maple Grove,4:08,4.1,true
678,"Stehr, Cummerata and King",Mexican,low,Sunnydale,19:36,4.7,true
679,"Adams, Kirlin and Ziemann",Vietnamese,low,Oakwood Estates,19:56,0.9,false
680,Runte Group,Asian,medium,Oakwood Estates,4:45,3.6,true
681,"Pouros, Rippin and Roberts",Yakama,medium,Riverbend,5:35,0.9,true
682,Medhurst Group,Chilean,low,Riverbend,6:21,3.4,true
683,Pfannerstill-Ondricka,Indonesian,medium,Willow Creek,11:50,3.1,false
684,Toy-Reynolds,Cherokee,low,Riverbend,9:00,2.4,false
685,"Christiansen, Welch and Bergnaum",White,medium,Maple Grove,20:08,3.4,false
686,Senger-Hintz,Kiowa,low,Maple Grove,13:04,2.2,true
687,"McClure, Wisozk and Kling",Chilean,low,Pine Ridge,5:20,1.6,false
688,McKenzie Group,Bolivian,low,Pine Ridge,23:34,3.2,false
689,Zieme-Spinka,Taiwanese,medium,Maple Grove,9:08,3.0,true
690,"Bogisich, Jast and Monahan",Peruvian,medium,Pine Ridge,4:31,4.0,false
691,"Collier, Kuhn and Christiansen",Mexican,high,Maple Grove,21:36,0.0,true
692,Kiehn-Hackett,South American,high,Maple Grove,21:43,4.7,false
693,Hoppe Group,Cuban,high,Cedar Ridge,15:22,1.7,false
694,Runolfsdottir-Hilll,Puget Sound Salish,low,Hillcrest Heights,7:55,0.9,true
695,Hills LLC,Yuman,high,Willow Creek,5:14,3.0,true
696,Farrell-Hills,Seminole,high,Meadowbrook,9:41,4.9,false
697,Weber-Lang,Bangladeshi,medium,Willow Creek,9:56,0.5,true
698,Jacobs and Sons,Guatemalan,high,Willow Creek,20:29,1.6,false
699,"Terry, Littel and Hand",Micronesian,low,Maple Grove,22:00,0.9,false
700,"Kessler, Lowe and Spinka",Cree,high,Cedar Ridge,13:16,1.3,true
701,Nolan Inc,Central American,high,Cedar Ridge,17:01,4.0,true
702,Lesch and Sons,Salvadoran,medium,Cedar Ridge,7:00,4.6,true
703,Reynolds and Sons,Samoan,medium,Pine Ridge,17:22,0.7,false
704,Champlin-Borer,Seminole,medium,Riverbend,11:05,3.9,true
705,Kub-Denesik,American Indian and Alaska Native (AIAN),high,Maple Grove,3:31,0.8,true
706,Kohler-Spencer,Tlingit-Haida,high,Willow Creek,8:34,3.1,false
707,Boehm-Jones,Uruguayan,low,Maple Grove,1:50,0.3,true
708,Heaney Group,Delaware,low,Pine Ridge,18:47,0.2,false
709,Durgan-Langosh,Chamorro,high,Oakwood Estates,11:25,1.2,false
710,"Streich, Wyman and Quigley",Fijian,high,Hillcrest Heights,0:34,4.8,true
711,Goyette-Fisher,Cuban,medium,Pine Ridge,0:01,0.2,true
712,Goyette-Watsica,Thai,medium,Oakwood Estates,1:27,1.3,false
713,Ankunding-Kihn,Sioux,low,Sunset Hills,21:08,0.4,true
714,Bruen-Steuber,Paraguayan,low,Pine Ridge,1:13,2.3,false
715,Gusikowski-Jenkins,Alaska Native,medium,Willow Creek,10:19,0.9,true
716,"Wilderman, Ebert and Rippin",Cheyenne,low,Pine Ridge,12:40,0.0,false
717,Haag-Lang,Taiwanese,high,Sunnydale,1:29,3.2,true
718,Schiller Group,Colombian,medium,Oakwood Estates,22:27,2.7,false
719,Heller-Dietrich,Central American,high,Hillcrest Heights,14:00,4.0,true
720,Fay and Sons,Puget Sound Salish,medium,Cedar Ridge,18:53,3.9,false
721,"Medhurst, Pfannerstill and Franecki",Melanesian,medium,Hillcrest Heights,13:58,0.8,false
722,Schuster-Thiel,Chamorro,medium,Hillcrest Heights,15:00,2.9,false
723,"Hermiston, Kreiger and Haley",American Indian,medium,Sunset Hills,19:54,2.0,true
724,Swaniawski-Corkery,Eskimo,high,Oakwood Estates,2:26,3.8,false
725,"Ferry, Lakin and Robel",Japanese,high,Maple Grove,19:51,2.8,true
726,Rohan Inc,Polynesian,high,Sunset Hills,22:35,0.4,false
727,Dickens and Sons,Crow,low,Oakwood Estates,10:45,0.2,false
728,Kris Inc,Fijian,low,Maple Grove,8:37,2.0,true
729,Flatley-Ryan,Paiute,low,Willow Creek,18:40,4.8,false
730,"Conn, Abbott and Braun",Colville,medium,Riverbend,14:32,4.4,true
731,Nitzsche Inc,Aleut,medium,Riverbend,20:46,1.0,true
732,Kuhic LLC,Pima,low,Sunset Hills,13:21,1.6,false
733,Ferry-Cassin,South American,medium,Sunset Hills,14:03,0.2,false
734,"Ryan, Wiza and Price",Central American,low,Oakwood Estates,15:31,2.0,true
735,Bechtelar LLC,Mexican,high,Pine Ridge,6:10,4.8,false
736,Kautzer Group,Panamanian,medium,Oakwood Estates,8:51,1.4,false
737,Ankunding-Watsica,Nicaraguan,high,Hillcrest Heights,19:17,0.6,false
738,"Welch, Leffler and Luettgen",Japanese,high,Pine Ridge,20:28,0.1,false
739,"Cartwright, Walter and Hauck",Alaska Native,low,Hillcrest Heights,16:54,2.4,false
740,"Streich, Schinner and Roberts",South American,medium,Sunset Hills,12:27,2.9,true
741,"Koch, Feil and Nicolas",Fijian,low,Willow Creek,20:14,3.7,true
742,"Wilderman, Ledner and Ritchie",Malaysian,medium,Riverbend,14:29,1.1,false
743,"Champlin, Herzog and Ziemann",Native Hawaiian and Other Pacific Islander (NHPI),high,Oakwood Estates,21:51,2.2,true
744,"Olson, Lang and Pagac",Paiute,high,Pine Ridge,0:45,5.0,true
745,Keeling Group,Colombian,high,Cedar Ridge,20:13,2.9,true
746,Berge-Bradtke,Apache,low,Riverbend,1:40,2.0,true
747,Kirlin LLC,American Indian and Alaska Native (AIAN),medium,Sunset Hills,23:55,2.7,false
748,"Hudson, Wisozk and Orn",Tlingit-Haida,high,Pine Ridge,11:10,0.2,true
749,Homenick-Haley,Cuban,medium,Hillcrest Heights,11:44,0.3,false
750,"Lehner, Corwin and Funk",Peruvian,medium,Maple Grove,17:52,1.3,true
751,Lueilwitz-Gusikowski,Melanesian,low,Meadowbrook,14:51,3.9,false
752,Kulas and Sons,Yaqui,low,Sunset Hills,20:40,2.6,false
753,Rempel and Sons,Cheyenne,medium,Maple Grove,11:57,0.5,false
754,"Hyatt, Padberg and Beahan",Samoan,medium,Sunnydale,10:11,0.8,false
755,Flatley Group,Thai,high,Cedar Ridge,23:08,0.7,false
756,Weissnat LLC,Uruguayan,medium,Willow Creek,17:01,4.7,false
757,Jast and Sons,Asian,medium,Oakwood Estates,18:50,1.2,false
758,"Homenick, Marvin and Larson",Tlingit-Haida,low,Pine Ridge,11:46,4.2,false
759,"Carroll, White and Armstrong",Korean,low,Cedar Ridge,18:50,2.5,false
760,Ernser Inc,Yuman,low,Oakwood Estates,12:23,4.3,false
761,Witting Inc,Chilean,high,Meadowbrook,11:32,1.0,true
762,D'Amore-Quigley,Comanche,medium,Oakwood Estates,19:50,3.2,false
763,Kassulke-Sawayn,Mexican,low,Riverbend,23:52,4.3,true
764,Hills LLC,Seminole,high,Riverbend,14:47,2.8,false
765,Little and Sons,Cuban,low,Pine Ridge,6:53,2.3,false
766,Bednar and Sons,Lumbee,medium,Meadowbrook,2:11,1.9,false
767,Fay-Tillman,Latin American Indian,high,Pine Ridge,6:30,1.3,false
768,Becker-Cassin,Latin American Indian,medium,Maple Grove,12:14,0.4,false
769,Lueilwitz-Oberbrunner,Asian,medium,Riverbend,20:53,2.7,true
770,"Hintz, Braun and Yundt",White,medium,Pine Ridge,10:24,0.6,false
771,"Schimmel, Lindgren and Harvey",Colville,high,Sunset Hills,2:19,2.4,false
772,Legros Inc,Cambodian,low,Meadowbrook,9:17,4.4,false
773,"Zboncak, Klocko and O'Hara",South American,high,Oakwood Estates,16:32,3.1,true
774,Weber Inc,Tlingit-Haida,high,Oakwood Estates,21:13,4.9,false
775,"Wolff, Miller and Weissnat",Bangladeshi,low,Hillcrest Heights,10:12,4.9,false
776,"Kulas, Stark and Kihn",Korean,high,Maple Grove,14:00,3.3,false
777,"Leannon, Dach and Hoeger",Crow,high,Maple Grove,23:46,2.3,true
778,Watsica-Schimmel,Tohono O'Odham,low,Riverbend,6:32,2.6,true
779,"Leuschke, Barton and Walker",Comanche,high,Willow Creek,0:00,0.6,true
780,Kuhlman-Ryan,Chamorro,medium,Maple Grove,15:17,3.0,false
781,Towne-Lind,Potawatomi,high,Pine Ridge,17:32,3.3,true
782,Cummings-Feest,Hmong,medium,Sunnydale,6:23,5.0,true
783,Gibson-Ryan,Costa Rican,medium,Hillcrest Heights,12:03,2.1,true
784,"Quigley, Robel and Hayes",Sri Lankan,medium,Sunnydale,7:50,3.8,false
785,White LLC,Peruvian,high,Pine Ridge,9:04,3.3,true
786,Powlowski-Grimes,Filipino,high,Cedar Ridge,10:25,0.7,true
787,Lehner-Maggio,Samoan,high,Cedar Ridge,15:01,3.8,false
788,Blanda Inc,Guatemalan,high,Sunset Hills,1:14,3.5,false
789,"Fadel, Huels and Treutel",Aleut,high,Meadowbrook,9:58,4.1,true
790,Donnelly-Leannon,Fijian,high,Maple Grove,3:18,1.2,true
791,Sanford-Goodwin,Shoshone,medium,Oakwood Estates,20:10,0.4,true
792,"Hilpert, Konopelski and Schaefer",Cherokee,medium,Riverbend,21:32,0.1,false
793,"Gottlieb, Mann and Price",Tohono O'Odham,low,Pine Ridge,11:10,2.0,false
794,Runolfsdottir-Zulauf,Chamorro,medium,Pine Ridge,5:40,4.1,true
795,Goodwin Inc,Dominican (Dominican Republic),high,Meadowbrook,12:10,4.6,false
796,Hermiston Group,Aleut,medium,Riverbend,13:12,4.8,false
797,"Stehr, Hodkiewicz and Jacobi",Fijian,low,Meadowbrook,13:17,3.5,false
798,"Langworth, Halvorson and Konopelski",Chickasaw,high,Maple Grove,18:24,1.0,true
799,McDermott LLC,Japanese,medium,Oakwood Estates,13:26,3.5,false
800,"Sanford, Marks and Ward",Ecuadorian,low,Riverbend,14:17,4.3,false
801,Tremblay-Howe,Samoan,high,Willow Creek,22:21,2.8,false
802,Kertzmann-Hilpert,Paiute,high,Sunset Hills,8:26,4.9,false
803,Thompson Group,Paiute,medium,Hillcrest Heights,6:56,3.5,true
804,"Kreiger, Schulist and Hegmann",Thai,low,Sunnydale,16:24,2.7,true
805,Hayes-Kuhn,Tohono O'Odham,high,Sunnydale,2:42,0.0,true
806,Witting Group,Guatemalan,high,Maple Grove,0:58,3.7,false
807,"Bartell, Price and Treutel",South American,medium,Meadowbrook,12:04,4.2,true
808,Heaney-Lowe,American Indian and Alaska Native (AIAN),low,Cedar Ridge,20:42,4.8,true
809,Gerlach and Sons,Chinese,medium,Sunnydale,10:47,2.6,false
810,McKenzie-Zboncak,Alaska Native,medium,Willow Creek,18:42,0.9,false
811,Maggio-Hirthe,Tongan,medium,Willow Creek,18:57,0.5,false
812,"O'Reilly, Schneider and Quitzon",Houma,high,Meadowbrook,13:50,1.6,true
813,Goodwin-Beatty,Samoan,high,Willow Creek,9:09,3.4,true
814,Brekke-Zulauf,Lumbee,high,Oakwood Estates,21:58,3.0,false
815,Sipes and Sons,Tlingit-Haida,low,Pine Ridge,18:50,1.7,false
816,Osinski-Tromp,Shoshone,medium,Cedar Ridge,0:46,1.7,true
817,"Erdman, Schaefer and Sipes",Hmong,medium,Oakwood Estates,16:00,0.4,false
818,Heller Group,Creek,medium,Willow Creek,13:01,2.6,true
819,Zieme LLC,Chilean,medium,Meadowbrook,4:14,2.5,true
820,Towne-Wolff,Argentinian,high,Cedar Ridge,0:47,1.7,true
821,O'Conner-Kuvalis,Kiowa,low,Sunnydale,22:56,1.8,false
822,"Bergnaum, Padberg and Veum",Yakama,high,Sunset Hills,20:12,0.3,true
823,Muller-Keeling,Puerto Rican,medium,Oakwood Estates,12:59,2.0,true
824,Ziemann-Rosenbaum,Pakistani,high,Hillcrest Heights,18:18,2.7,true
825,Robel Inc,Crow,low,Pine Ridge,23:48,2.2,false
826,Kessler Group,Lumbee,high,Pine Ridge,20:49,4.8,true
827,Gerlach Inc,Nicaraguan,low,Oakwood Estates,1:32,2.2,true
828,Heller-Feil,Uruguayan,low,Cedar Ridge,6:24,2.6,true
829,Dooley-Fay,Chilean,low,Sunset Hills,14:05,2.7,true
830,Nicolas-Mosciski,Nicaraguan,medium,Hillcrest Heights,4:03,2.4,false
831,"Lynch, Casper and Gorczany",Pima,medium,Sunset Hills,13:26,1.3,false
832,Kshlerin-Anderson,Paraguayan,low,Sunnydale,11:48,0.0,false
833,Green-Sawayn,Cheyenne,low,Willow Creek,20:32,1.1,true
834,Hickle-Haag,Yuman,medium,Hillcrest Heights,3:50,0.6,true
835,Dooley Group,Yaqui,medium,Maple Grove,18:18,3.3,false
836,"Upton, Vandervort and Ratke",American Indian and Alaska Native (AIAN),low,Pine Ridge,4:06,0.2,false
837,Kohler LLC,Ottawa,low,Hillcrest Heights,10:01,3.1,true
838,"Schimmel, Reichert and Hills",Paiute,high,Cedar Ridge,16:49,2.9,false
839,Breitenberg-Tromp,Malaysian,high,Cedar Ridge,9:17,4.2,false
840,Altenwerth-Ondricka,Micronesian,low,Sunset Hills,13:16,1.0,true
841,Conroy Group,Shoshone,medium,Sunset Hills,6:06,3.1,true
842,Sipes and Sons,Cuban,low,Oakwood Estates,13:40,2.5,true
843,Toy Inc,Panamanian,medium,Cedar Ridge,22:46,4.1,true
844,Yost LLC,Sioux,high,Meadowbrook,22:02,2.5,false
845,"Tillman, Fritsch and Stark",Argentinian,low,Sunset Hills,9:16,4.7,false
846,Langworth-Rolfson,Malaysian,medium,Hillcrest Heights,7:36,2.9,false
847,Schumm Group,Dominican (Dominican Republic),high,Maple Grove,7:41,4.6,true
848,Keeling-Collins,Sri Lankan,low,Willow Creek,18:13,4.4,true
849,"McGlynn, Hand and Keebler",Asian,low,Sunset Hills,17:47,1.1,true
850,"Conroy, Hoeger and Monahan",Venezuelan,medium,Riverbend,8:40,4.4,false
851,Balistreri Group,Nicaraguan,low,Riverbend,19:27,0.2,false
852,"Kunze, Langosh and Oberbrunner",Guamanian,low,Riverbend,20:44,0.1,true
853,Treutel Inc,Tlingit-Haida,high,Willow Creek,4:47,2.9,false
854,"Langworth, Blick and Funk",Sioux,low,Pine Ridge,20:51,4.1,true
855,Mitchell LLC,Paraguayan,medium,Pine Ridge,6:31,3.8,false
856,"Schimmel, Schimmel and Macejkovic",Comanche,medium,Meadowbrook,7:45,4.5,true
857,Yundt and Sons,Lumbee,medium,Sunnydale,1:16,1.2,true
858,Wolff Group,Navajo,high,Maple Grove,7:51,0.6,true
859,Schinner-Braun,Eskimo,medium,Sunset Hills,15:17,3.2,true
860,Toy-Smith,Native Hawaiian and Other Pacific Islander (NHPI),medium,Cedar Ridge,6:41,3.5,true
861,Kozey Inc,Mexican,high,Oakwood Estates,13:17,1.3,true
862,Kiehn-Rowe,South American,medium,Riverbend,9:48,2.6,true
863,"Sporer, Cummerata and Glover",Filipino,high,Sunset Hills,0:14,3.3,false
864,McClure-Grant,Tohono O'Odham,high,Maple Grove,22:52,1.1,true
865,"Simonis, Bashirian and Lehner",Taiwanese,medium,Sunnydale,2:04,1.5,true
866,Barton Group,Alaska Native,low,Sunset Hills,21:55,2.3,false
867,Rempel and Sons,Colombian,low,Sunset Hills,5:22,2.5,true
868,Kassulke and Sons,Aleut,low,Meadowbrook,8:32,3.7,true
869,"Kautzer, Ondricka and Von",Cheyenne,high,Sunset Hills,16:08,3.1,false
870,Jacobi-Becker,Nicaraguan,low,Sunnydale,18:07,1.0,true
871,Cormier and Sons,Crow,medium,Riverbend,18:29,1.1,false
872,"O'Connell, Sawayn and Kulas",Peruvian,high,Meadowbrook,16:49,2.4,false
873,Cremin Inc,Yuman,medium,Maple Grove,16:27,2.2,false
874,Hauck LLC,Yuman,high,Pine Ridge,1:43,4.6,false
875,"Keeling, Beahan and Jast",Guamanian,high,Pine Ridge,3:09,4.3,false
876,Rowe-Runolfsdottir,Japanese,medium,Oakwood Estates,11:15,1.0,true
877,"Klein, O'Connell and Runolfsson",Nicaraguan,high,Maple Grove,9:44,1.2,false
878,"Towne, Murphy and Rath",Puerto Rican,low,Pine Ridge,10:24,3.7,true
879,Kris Group,Korean,high,Willow Creek,15:58,0.6,true
880,Schimmel-Casper,Tongan,low,Willow Creek,18:07,2.1,true
881,Boyer-Heathcote,Colombian,medium,Sunnydale,5:11,2.3,false
882,"Corkery, Toy and Zieme",Choctaw,high,Sunnydale,11:42,1.7,false
883,Dickinson-Rice,Iroquois,low,Sunnydale,20:04,0.4,false
884,"Prohaska, Fritsch and Bogan",Menominee,low,Hillcrest Heights,17:16,0.9,false
885,Bradtke Group,Melanesian,high,Pine Ridge,7:07,4.9,true
886,Kling-Harvey,Asian Indian,low,Sunnydale,2:14,3.6,false
887,Bruen-Murray,Pueblo,low,Hillcrest Heights,11:57,1.0,false
888,Brown-Frami,Black or African American,medium,Meadowbrook,20:43,4.7,false
889,Gleason-Ledner,Vietnamese,medium,Sunset Hills,22:42,2.3,true
890,Torp and Sons,Cheyenne,medium,Cedar Ridge,13:38,0.5,true
891,"Emmerich, Larson and McClure",Ottawa,low,Willow Creek,9:48,1.3,false
892,"Fadel, Marquardt and Lemke",American Indian and Alaska Native (AIAN),low,Sunnydale,1:22,0.9,true
893,Rempel Group,Asian Indian,high,Oakwood Estates,1:24,3.6,true
894,"Krajcik, Crooks and Will",Colombian,high,Hillcrest Heights,19:08,3.7,false
895,Ebert LLC,Cree,high,Oakwood Estates,23:54,5.0,true
896,Ankunding LLC,Spaniard,high,Meadowbrook,0:59,3.1,false
897,"Hayes, Wolff and Price",Sri Lankan,medium,Hillcrest Heights,23:36,0.5,true
898,Boyle LLC,Micronesian,medium,Riverbend,1:55,2.0,false
899,Larkin-Russel,Alaskan Athabascan,low,Hillcrest Heights,6:30,0.7,false
900,Homenick-Dickens,Malaysian,high,Riverbend,14:33,2.7,false
901,"Mitchell, Quitzon and Cronin",Hmong,high,Willow Creek,4:37,3.1,false
902,"Senger, Gerlach and O'Reilly",Colville,high,Oakwood Estates,18:24,3.7,false
903,Willms-Hamill,Japanese,high,Meadowbrook,20:59,4.1,false
904,"DuBuque, Upton and Lockman",Nicaraguan,medium,Sunset Hills,12:37,3.5,false
905,"Bauch, Mitchell and Wilderman",Shoshone,medium,Cedar Ridge,4:46,4.1,false
906,"O'Conner, Hintz and Block",Thai,high,Riverbend,3:47,4.3,false
907,"Waelchi, Williamson and Grant",Fijian,high,Sunnydale,9:48,3.0,true
908,Zboncak-Trantow,Lumbee,medium,Oakwood Estates,12:54,3.0,true
909,Gerhold Group,Bangladeshi,low,Sunset Hills,21:46,4.3,false
910,"Terry, Stoltenberg and Langworth",Tohono O'Odham,low,Sunset Hills,12:05,2.9,false
911,"Reilly, Prosacco and Cormier",Native Hawaiian and Other Pacific Islander (NHPI),low,Riverbend,4:52,2.6,true
912,Howell Inc,Blackfeet,medium,Willow Creek,12:53,1.5,false
913,Kozey-Huel,Asian,medium,Maple Grove,6:24,3.5,true
914,Ryan-Mante,Central American,high,Willow Creek,16:06,3.0,false
915,"Bernhard, Willms and Spencer",Eskimo,high,Riverbend,23:29,0.0,false
916,Leffler LLC,Ecuadorian,high,Riverbend,13:33,4.1,false
917,"Roberts, Waelchi and Marvin",Cambodian,medium,Pine Ridge,6:40,4.5,true
918,Swift LLC,Costa Rican,medium,Pine Ridge,12:07,4.7,true
919,Shields Inc,Cree,high,Pine Ridge,5:09,3.5,true
920,Dach LLC,Latin American Indian,medium,Oakwood Estates,12:33,1.1,false
921,Hartmann and Sons,Tlingit-Haida,high,Willow Creek,2:34,1.5,false
922,Lebsack-Mante,Pima,high,Oakwood Estates,12:17,3.8,true
923,"Tromp, Stamm and Reilly",Lumbee,medium,Oakwood Estates,5:47,1.2,false
924,Walker Group,Pueblo,high,Meadowbrook,16:21,1.5,false
925,"Wuckert, Mills and Mayert",Latin American Indian,medium,Willow Creek,7:21,0.4,true
926,"Ondricka, Zieme and Dicki",Sioux,low,Maple Grove,16:15,0.9,true
927,Crist-Lesch,Peruvian,high,Riverbend,12:07,4.5,true
928,"Miller, Purdy and Lueilwitz",Japanese,low,Meadowbrook,5:45,4.2,true
929,"Kuhlman, Runolfsson and Hartmann",Houma,high,Oakwood Estates,10:04,2.2,true
930,Nitzsche-D'Amore,American Indian and Alaska Native (AIAN),medium,Pine Ridge,10:51,4.1,true
931,Reinger-Fahey,Ute,medium,Hillcrest Heights,17:41,1.2,false
932,Morar-Connelly,Polynesian,low,Riverbend,12:54,1.6,false
933,"Fritsch, Herzog and Gerhold",Delaware,low,Riverbend,10:49,4.3,false
934,Jerde and Sons,Kiowa,low,Willow Creek,17:30,3.1,true
935,Bergnaum and Sons,American Indian and Alaska Native (AIAN),low,Pine Ridge,18:04,4.6,false
936,Lueilwitz and Sons,Micronesian,medium,Willow Creek,21:19,2.4,false
937,"Kiehn, Raynor and Strosin",Ecuadorian,low,Cedar Ridge,14:17,0.1,true
938,Funk-Bruen,Filipino,medium,Sunnydale,3:45,3.2,false
939,"Cormier, Botsford and Lesch",Puerto Rican,high,Oakwood Estates,3:14,0.1,true
940,Hoppe Inc,Latin American Indian,high,Maple Grove,12:33,1.2,false
941,"Leffler, Stanton and Walker",Yakama,high,Hillcrest Heights,9:49,0.9,false
942,Turcotte Inc,American Indian,low,Willow Creek,20:55,4.6,false
943,Torp-Brekke,Menominee,low,Sunset Hills,21:07,3.7,true
944,Altenwerth-Gerhold,Yaqui,medium,Cedar Ridge,23:14,0.6,true
945,Hettinger-Reilly,Hmong,low,Pine Ridge,17:27,2.1,true
946,"Haag, Lueilwitz and Sipes",Guamanian,low,Sunset Hills,17:00,1.3,true
947,Wiza-O'Reilly,Japanese,low,Sunset Hills,21:40,2.6,false
948,"Hessel, Schamberger and Thiel",Latin American Indian,low,Sunset Hills,16:15,1.3,true
949,"Kulas, Kozey and Howe",Venezuelan,medium,Sunset Hills,19:08,1.9,true
950,"Kris, Torp and Nikolaus",Kiowa,low,Maple Grove,16:25,2.9,false
951,Huels Inc,Houma,low,Sunset Hills,3:05,4.9,true
952,"Volkman, Kuhic and Reynolds",Yuman,medium,Oakwood Estates,8:18,4.0,true
953,"Crona, Hilll and Volkman",Asian Indian,high,Sunset Hills,0:40,2.4,false
954,Schmitt and Sons,Creek,high,Cedar Ridge,16:31,2.1,false
955,"Von, Tromp and Volkman",Cherokee,high,Sunset Hills,5:29,0.5,false
956,Durgan Group,Seminole,medium,Maple Grove,14:02,1.6,false
957,Thiel-Osinski,Kiowa,medium,Sunset Hills,12:58,2.3,false
958,Schoen Group,Puget Sound Salish,high,Hillcrest Heights,5:33,2.9,false
959,Quigley Group,Cambodian,medium,Cedar Ridge,19:26,3.7,false
960,"Conroy, Reichel and Rolfson",Salvadoran,high,Sunset Hills,22:30,3.9,false
961,Labadie Inc,Colville,medium,Pine Ridge,20:02,0.2,true
962,Pollich-Schaefer,Polynesian,high,Pine Ridge,1:07,1.1,false
963,Schamberger Group,Pueblo,medium,Cedar Ridge,23:03,4.5,false
964,Carter and Sons,Blackfeet,low,Riverbend,10:47,1.1,true
965,"Ryan, Gutkowski and Trantow",Colville,medium,Maple Grove,14:30,0.9,true
966,Vandervort LLC,Cree,high,Hillcrest Heights,1:55,1.6,false
967,Senger Inc,Crow,low,Riverbend,11:34,0.9,false
968,Altenwerth-Kuhlman,Pakistani,medium,Sunnydale,18:37,4.7,false
969,"Beatty, Runte and Sipes",Chilean,high,Riverbend,15:03,0.3,true
970,Howe-Abshire,Sioux,medium,Hillcrest Heights,23:47,3.7,true
971,Bruen-Wunsch,Native Hawaiian,high,Hillcrest Heights,5:46,2.2,true
972,Stehr-Konopelski,Yuman,high,Cedar Ridge,17:00,4.5,false
973,"Wyman, Jast and Marvin",Yaqui,medium,Sunnydale,14:17,2.6,true
974,Nikolaus-Fritsch,Melanesian,low,Sunnydale,15:36,4.7,false
975,Cole-Wisoky,Pueblo,low,Sunset Hills,1:57,4.7,true
976,Weissnat-Hintz,Sri Lankan,low,Oakwood Estates,19:52,2.4,false
977,Grant and Sons,Chinese,medium,Cedar Ridge,7:55,1.5,true
978,Quigley-Reinger,Native Hawaiian and Other Pacific Islander (NHPI),medium,Oakwood Estates,10:33,0.3,true
979,"Hagenes, Cormier and Kozey",Asian Indian,low,Hillcrest Heights,10:38,3.9,true
980,Marquardt Inc,Yaqui,high,Pine Ridge,14:43,4.8,true
981,Fisher Inc,Pueblo,low,Hillcrest Heights,12:39,0.9,false
982,Herzog Inc,Apache,low,Hillcrest Heights,2:46,4.4,true
983,"Schaden, Littel and Bogisich",Yaqui,low,Meadowbrook,11:29,2.1,false
984,O'Reilly Group,Native Hawaiian and Other Pacific Islander (NHPI),high,Cedar Ridge,19:33,2.3,false
985,"Anderson, Lesch and Fisher",Creek,medium,Cedar Ridge,19:16,1.6,true
986,Hammes Inc,Fijian,medium,Willow Creek,4:35,3.6,true
987,Yost Group,Cherokee,high,Meadowbrook,16:17,0.6,true
988,Windler and Sons,Ottawa,low,Riverbend,6:15,0.4,false
989,Jacobs-McClure,Venezuelan,medium,Riverbend,11:17,0.4,true
990,Parker Group,Iroquois,medium,Sunnydale,18:57,0.6,true
991,Reichel Group,Guatemalan,low,Meadowbrook,22:06,3.1,false
992,"Glover, Huels and Goyette",Guatemalan,high,Willow Creek,22:38,1.7,false
993,Leuschke-Mayert,Comanche,medium,Meadowbrook,17:29,1.3,true
994,Dach Inc,Colville,high,Hillcrest Heights,16:06,0.9,false
995,"Cronin, Haag and Prosacco",Polynesian,high,Sunset Hills,6:31,3.7,false
996,Cummings Inc,Puget Sound Salish,low,Sunset Hills,8:24,4.7,true
997,Denesik-Runolfsdottir,Micronesian,low,Willow Creek,13:05,1.1,false
998,Heathcote-Schoen,Uruguayan,high,Hillcrest Heights,16:31,0.3,true
999,Haag LLC,Latin American Indian,medium,Hillcrest Heights,9:45,0.4,true
1000,Schimmel LLC,Tlingit-Haida,low,Sunnydale,15:20,4.7,true
